省份,所属区域,省份旅游收入_亿元,接待游客数量_万人次,发展等级,原始簇编号,轮廓系数_个体
广东,东部,12786.5,49981.8,第一梯队（旅游强省）,2,0.5097
江苏,东部,12404.8,77832.7,第一梯队（旅游强省）,2,0.5209
浙江,东部,11487.5,69373.2,第一梯队（旅游强省）,2,0.5038
四川,西部,9555.6,71266.3,第二梯队（旅游较发达省份）,1,0.2287
山东,东部,8652.9,86067.3,第二梯队（旅游较发达省份）,1,0.5559
江西,中部,8589.7,73267.5,第二梯队（旅游较发达省份）,1,0.6133
河南,中部,8520.0,82095.0,第二梯队（旅游较发达省份）,1,0.6252
河北,东部,8360.1,73798.7,第二梯队（旅游较发达省份）,1,0.664
云南,西部,8260.6,72139.9,第二梯队（旅游较发达省份）,1,0.6624
贵州,西部,7997.8,82751.8,第二梯队（旅游较发达省份）,1,0.6888
安徽,中部,7798.3,83184.3,第二梯队（旅游较发达省份）,1,0.6955
湖南,中部,7500.5,77151.5,第二梯队（旅游较发达省份）,1,0.7415
广西,西部,7376.3,76736.4,第二梯队（旅游较发达省份）,1,0.7417
福建,东部,7151.9,44498.0,第三梯队（旅游中等省份）,0,0.0128
湖北,中部,6696.2,72987.5,第二梯队（旅游较发达省份）,1,0.7115
陕西,西部,6481.6,66928.0,第二梯队（旅游较发达省份）,1,0.6027
山西,中部,5823.0,69810.0,第二梯队（旅游较发达省份）,1,0.5509
北京,东部,5461.0,30704.9,第三梯队（旅游中等省份）,0,0.6341
辽宁,东部,5345.5,48897.7,第三梯队（旅游中等省份）,0,0.2147
重庆,西部,5284.5,61347.9,第二梯队（旅游较发达省份）,1,0.2299
上海,东部,4684.7,37385.4,第三梯队（旅游中等省份）,0,0.6162
吉林,中部,4565.6,22605.3,第三梯队（旅游中等省份）,0,0.5988
内蒙古,西部,4124.3,20023.2,第三梯队（旅游中等省份）,0,0.5356
天津,东部,3795.0,23444.9,第三梯队（旅游中等省份）,0,0.559
黑龙江,中部,3177.6,22028.5,第三梯队（旅游中等省份）,0,0.4049
新疆,西部,3048.2,18923.4,第三梯队（旅游中等省份）,0,0.2621
甘肃,西部,2606.7,24595.9,第三梯队（旅游中等省份）,0,0.2463
海南,东部,1007.9,7646.3,第四梯队（旅游欠发达省份）,3,0.838
青海,西部,561.4,2922.3,第四梯队（旅游欠发达省份）,3,0.9348
西藏,西部,514.6,4012.7,第四梯队（旅游欠发达省份）,3,0.9423
宁夏,西部,470.1,3624.7,第四梯队（旅游欠发达省份）,3,0.9397
