节假日类型,年份,节假日旅游总收入_亿元,接待人次_亿人次,热门目的地省份
春节,2017,4233.0,3.44,"广东,四川,江苏,海南,云南"
春节,2018,4750.0,3.86,"广东,四川,湖南,海南,浙江"
春节,2019,5139.0,4.15,"广东,四川,海南,江苏,云南"
春节,2020,1488.0,1.52,"广东,海南,云南,四川,福建"
春节,2021,3011.0,2.56,"广东,四川,海南,江苏,浙江"
春节,2022,2892.0,2.51,"广东,四川,云南,海南,浙江"
春节,2023,3758.0,3.08,"广东,四川,云南,海南,江苏"
春节,2024,6327.0,4.74,"广东,四川,海南,云南,浙江"
五一,2017,791.0,3.44,"广东,浙江,江苏,四川,云南"
五一,2018,871.0,1.47,"广东,浙江,四川,江苏,云南"
五一,2019,1176.0,1.95,"广东,浙江,四川,江苏,云南"
五一,2020,475.0,1.15,"广东,四川,浙江,云南,江苏"
五一,2021,1132.0,2.3,"广东,四川,浙江,江苏,云南"
五一,2022,646.0,1.6,"广东,四川,浙江,云南,江苏"
五一,2023,1480.0,2.74,"广东,浙江,四川,江苏,云南"
五一,2024,1669.0,2.95,"广东,浙江,四川,江苏,云南"
国庆,2017,5836.0,7.05,"广东,四川,浙江,江苏,云南"
国庆,2018,5990.0,7.26,"广东,四川,浙江,江苏,云南"
国庆,2019,6497.0,7.82,"广东,四川,浙江,江苏,云南"
国庆,2020,4666.0,6.37,"广东,四川,浙江,江苏,云南"
国庆,2021,5990.0,5.15,"广东,四川,浙江,江苏,云南"
国庆,2022,2872.0,4.22,"广东,四川,浙江,江苏,云南"
国庆,2023,7534.0,8.26,"广东,四川,浙江,江苏,云南"
国庆,2024,7008.0,7.65,"广东,四川,浙江,江苏,云南"
