热门旅游城市,所属省份,年份,城市旅游收入_亿元,接待游客量_万人次
北京,北京,2015,3867.3,22053.8
北京,北京,2016,4486.9,23551.7
北京,北京,2017,4814.6,25754.0
北京,北京,2018,5309.4,28725.2
北京,北京,2019,5662.5,31171.4
北京,北京,2020,2466.9,14183.1
北京,北京,2021,2987.8,17116.5
北京,北京,2022,1883.3,11863.5
北京,北京,2023,4680.5,26659.1
北京,北京,2024,5939.8,30315.6
上海,上海,2015,3517.9,24287.8
上海,上海,2016,3622.7,26879.4
上海,上海,2017,3953.2,28067.5
上海,上海,2018,4840.0,35073.2
上海,上海,2019,4849.8,34237.4
上海,上海,2020,2057.2,14776.0
上海,上海,2021,2681.4,18198.7
上海,上海,2022,1180.7,9369.7
上海,上海,2023,4174.7,30648.7
上海,上海,2024,4395.0,34986.4
重庆,重庆,2015,3472.9,41985.6
重庆,重庆,2016,3867.0,48999.2
重庆,重庆,2017,4731.4,51857.4
重庆,重庆,2018,4897.1,59615.7
重庆,重庆,2019,5421.8,64767.4
重庆,重庆,2020,2316.3,27233.8
重庆,重庆,2021,2774.3,36794.4
重庆,重庆,2022,1756.7,22193.2
重庆,重庆,2023,4598.5,55108.8
重庆,重庆,2024,5055.7,62241.3
广州,广东,2015,2895.3,14169.7
广州,广东,2016,2960.7,16680.7
广州,广东,2017,3454.4,19132.8
广州,广东,2018,3946.2,20614.0
广州,广东,2019,4490.2,24002.7
广州,广东,2020,1758.7,9854.5
广州,广东,2021,2167.8,11869.7
广州,广东,2022,1337.7,8456.6
广州,广东,2023,3634.9,16953.1
广州,广东,2024,4411.1,21266.0
成都,四川,2015,2994.1,19625.8
成都,四川,2016,3083.6,20013.1
成都,四川,2017,3554.3,21233.4
成都,四川,2018,3748.3,24252.6
成都,四川,2019,4395.4,28485.6
成都,四川,2020,1661.3,12042.9
成都,四川,2021,2288.6,15285.9
成都,四川,2022,1260.0,9129.4
成都,四川,2023,3005.5,23030.4
成都,四川,2024,4054.9,27583.1
杭州,浙江,2015,2461.1,13830.6
杭州,浙江,2016,2704.4,14985.0
杭州,浙江,2017,3372.2,15669.3
杭州,浙江,2018,3764.6,18850.7
杭州,浙江,2019,3965.2,20728.0
杭州,浙江,2020,1487.6,8923.6
杭州,浙江,2021,2055.8,11755.7
杭州,浙江,2022,1184.9,7101.2
杭州,浙江,2023,3135.8,16365.8
杭州,浙江,2024,3962.3,19237.8
武汉,湖北,2015,2190.2,21301.3
武汉,湖北,2016,2327.0,25133.9
武汉,湖北,2017,2683.8,25842.6
武汉,湖北,2018,3051.7,28897.7
武汉,湖北,2019,3555.4,32743.8
武汉,湖北,2020,551.4,5998.5
武汉,湖北,2021,1672.0,16911.9
武汉,湖北,2022,960.7,11778.8
武汉,湖北,2023,2824.8,26467.8
武汉,湖北,2024,3131.6,31050.8
西安,陕西,2015,1938.0,18828.6
西安,陕西,2016,2117.5,21908.1
西安,陕西,2017,2342.8,25429.4
西安,陕西,2018,2912.1,27666.4
西安,陕西,2019,3385.2,29279.3
西安,陕西,2020,1148.3,13907.4
西安,陕西,2021,1529.0,16439.7
西安,陕西,2022,888.5,11543.7
西安,陕西,2023,2392.2,23803.3
西安,陕西,2024,2772.4,32018.7
天津,天津,2015,2492.7,15558.4
天津,天津,2016,2707.4,18439.8
天津,天津,2017,3091.9,18479.9
天津,天津,2018,3789.8,24219.6
天津,天津,2019,4253.2,25677.4
天津,天津,2020,1609.8,10258.6
天津,天津,2021,2015.4,13706.6
天津,天津,2022,1163.6,8994.8
天津,天津,2023,3166.9,20417.0
天津,天津,2024,3312.3,23894.8
昆明,云南,2015,1818.1,13266.3
昆明,云南,2016,2092.9,14831.5
昆明,云南,2017,2438.1,15882.4
昆明,云南,2018,2721.6,17001.0
昆明,云南,2019,3039.4,19619.5
昆明,云南,2020,1156.0,8586.6
昆明,云南,2021,1500.8,9712.9
昆明,云南,2022,930.9,6858.1
昆明,云南,2023,2213.0,15065.1
昆明,云南,2024,2620.4,17810.8
苏州,江苏,2015,1724.4,9446.4
苏州,江苏,2016,2111.7,9940.9
苏州,江苏,2017,2014.0,11132.8
苏州,江苏,2018,2452.0,12402.1
苏州,江苏,2019,2886.0,12887.7
苏州,江苏,2020,1096.0,6107.9
苏州,江苏,2021,1395.5,7084.3
苏州,江苏,2022,802.4,4931.9
苏州,江苏,2023,2171.3,11092.5
苏州,江苏,2024,2481.3,13610.5
南京,江苏,2015,1663.3,9937.6
南京,江苏,2016,2054.2,10640.9
南京,江苏,2017,1930.7,12336.3
南京,江苏,2018,2551.4,13082.5
南京,江苏,2019,2804.5,14499.6
南京,江苏,2020,1039.5,6296.7
南京,江苏,2021,1424.7,8349.3
南京,江苏,2022,757.9,5358.1
南京,江苏,2023,2126.1,13590.9
南京,江苏,2024,2580.6,14514.1
青岛,山东,2015,1147.9,7887.0
青岛,山东,2016,1450.6,9422.0
青岛,山东,2017,1512.1,10029.0
青岛,山东,2018,1757.9,11048.1
青岛,山东,2019,2012.7,12526.7
青岛,山东,2020,722.7,5673.3
青岛,山东,2021,938.2,6905.8
青岛,山东,2022,581.8,4137.7
青岛,山东,2023,1569.9,10292.9
青岛,山东,2024,1804.0,11814.7
长沙,湖南,2015,1301.3,11135.4
长沙,湖南,2016,1410.6,12009.0
长沙,湖南,2017,1617.5,13949.4
长沙,湖南,2018,1732.9,14823.2
长沙,湖南,2019,1994.4,17142.7
长沙,湖南,2020,730.2,7384.0
长沙,湖南,2021,1029.2,9235.6
长沙,湖南,2022,594.2,5955.8
长沙,湖南,2023,1515.4,13734.1
长沙,湖南,2024,1859.7,16207.7
哈尔滨,黑龙江,2015,914.4,6685.2
哈尔滨,黑龙江,2016,1189.8,7237.8
哈尔滨,黑龙江,2017,1245.9,8383.6
哈尔滨,黑龙江,2018,1557.1,8596.8
哈尔滨,黑龙江,2019,1648.4,9720.3
哈尔滨,黑龙江,2020,605.5,4418.9
哈尔滨,黑龙江,2021,747.2,5174.4
哈尔滨,黑龙江,2022,491.2,3534.1
哈尔滨,黑龙江,2023,1274.0,8737.4
哈尔滨,黑龙江,2024,1476.1,9398.6
郑州,河南,2015,963.2,9039.9
郑州,河南,2016,1176.9,10156.3
郑州,河南,2017,1207.0,11623.2
郑州,河南,2018,1402.8,12949.7
郑州,河南,2019,1676.7,14237.1
郑州,河南,2020,586.9,6509.7
郑州,河南,2021,776.9,7835.1
郑州,河南,2022,478.5,4781.8
郑州,河南,2023,1336.0,11080.2
郑州,河南,2024,1355.3,13082.6
厦门,福建,2015,1028.0,7264.6
厦门,福建,2016,1174.8,8024.5
厦门,福建,2017,1425.3,9292.9
厦门,福建,2018,1480.4,9914.3
厦门,福建,2019,1174.8,10809.1
厦门,福建,2020,684.2,4952.6
厦门,福建,2021,822.9,5796.5
厦门,福建,2022,501.6,3975.5
厦门,福建,2023,1412.8,9120.2
厦门,福建,2024,1490.4,10328.4
洛阳,河南,2015,746.2,9123.5
洛阳,河南,2016,909.8,10109.0
洛阳,河南,2017,986.5,11827.8
洛阳,河南,2018,1184.6,12388.3
洛阳,河南,2019,1438.6,13715.2
洛阳,河南,2020,961.4,6346.8
洛阳,河南,2021,649.7,8023.7
洛阳,河南,2022,407.7,5053.4
洛阳,河南,2023,961.4,12073.9
洛阳,河南,2024,1214.0,12611.4
张家界,湖南,2015,551.0,5393.7
张家界,湖南,2016,642.7,5809.2
张家界,湖南,2017,688.4,7064.9
张家界,湖南,2018,824.2,7560.3
张家界,湖南,2019,911.4,7737.4
张家界,湖南,2020,346.4,3413.6
张家界,湖南,2021,455.0,4139.3
张家界,湖南,2022,285.4,2922.8
张家界,湖南,2023,663.6,6557.3
张家界,湖南,2024,790.5,7433.5
三亚,海南,2015,365.4,1562.2
三亚,海南,2016,458.7,1971.7
三亚,海南,2017,484.0,1971.7
三亚,海南,2018,537.8,2202.6
三亚,海南,2019,576.5,2424.7
三亚,海南,2020,243.8,973.7
三亚,海南,2021,305.5,1372.6
三亚,海南,2022,169.2,787.1
三亚,海南,2023,523.1,1984.6
三亚,海南,2024,575.5,2265.9
