省份,所属区域,年份,省份旅游收入_亿元,接待游客数量_万人次,省份GDP_亿元,常住人口_万人,全国GDP_亿元,旅游收入占GDP比重_%,人均旅游收入_元,人均接待游客_人次,旅游依存度_%,省份旅游收入_亿元_minmax,接待游客数量_万人次_minmax,省份GDP_亿元_minmax,常住人口_万人_minmax,省份旅游收入_亿元_z,接待游客数量_万人次_z
北京,东部,2015,3866.1,21812.7,24608.2,2121.7,688858,6.0,18221.71,10.28,15.71,0.25391862398314186,0.22468158478330416,0.15908022422205031,0.1573077815249005,-0.25472253697334435,-0.6656706503968292
北京,东部,2016,4195.5,24219.2,26397.2,2136.8,746395,6.28,19634.5,11.33,15.89,0.2764554156033415,0.25077834830747875,0.1712520062348916,0.15865496136894885,-0.14638400911727809,-0.5685848834110594
北京,东部,2017,5074.8,26391.8,30561.3,2147.5,832036,6.49,23631.2,12.29,16.61,0.33661510252392907,0.27433863437962575,0.19958320661480902,0.15960958549685061,0.14281473873894243,-0.48093537692725175
北京,东部,2018,5718.0,30126.5,32856.8,2154.0,919281,6.49,26545.96,13.99,17.4,0.38062136958559395,0.3148387726442154,0.21520105212094495,0.1601894973502489,0.3543610080680917,-0.3302658510757021
北京,东部,2019,5795.3,32651.6,35068.0,2158.3,986515,6.72,26851.23,15.13,16.53,0.3859100580866305,0.34222166795894354,0.23024534747410014,0.16057313134557394,0.37978471238889905,-0.2283953876575567
北京,东部,2020,2255.9,13802.8,36084.2,2162.6,1013567,2.2,10431.43,6.38,6.25,0.14375243738069662,0.13781997408216712,0.2371592462339935,0.16095676534089895,-0.7843117827348434,-0.9888151693992463
北京,东部,2021,2999.0,17743.1,41442.2,2158.3,1143670,2.55,13895.2,8.22,7.24,0.19459363304848762,0.18054969663122394,0.27361335916009943,0.16057313134557394,-0.5399087467608216,-0.8298510939145056
北京,东部,2022,1845.3,11258.5,43706.7,2154.0,1210207,1.69,8566.85,5.23,4.22,0.11566012821477685,0.11022886856188562,0.28902029061235157,0.1601894973502489,-0.9193567115074627,-1.0914602211099855
北京,东部,2023,4848.7,27760.8,45570.1,2145.4,1260582,3.9,22600.45,12.94,10.64,0.32114585970265663,0.28918445580684166,0.3016982663545139,0.15942222935959888,0.06845122584198855,-0.42570561793971023
北京,东部,2024,5461.0,30704.9,48786.6,2138.9,1349084,4.26,25531.82,14.36,11.19,0.3630380197179822,0.3211111050865103,0.3235823003647453,0.1588423175062006,0.2698345913740753,-0.3069313787613164
天津,东部,2015,2710.5,16530.6,9905.8,1538.6,688858,6.0,17616.66,10.74,27.36,0.17485512551227755,0.16740100526489868,0.0590498117762161,0.10528522741466373,-0.6347954051897078,-0.8787671514546036
天津,东部,2016,2829.2,18300.9,10805.8,1549.5,746395,6.28,18258.79,11.81,26.18,0.18297630694918615,0.18659863687381054,0.06517312301800321,0.10625769498420855,-0.5957553831602146,-0.8073476902890485
天津,东部,2017,3201.1,19640.9,11548.6,1557.3,832036,6.49,20555.45,12.61,27.72,0.2084208509793994,0.20112997413638856,0.07022689589622484,0.10695358920828649,-0.47343875137614955,-0.7532878823684453
天津,东部,2018,3545.1,22326.9,13058.1,1562.0,919281,6.49,22695.9,14.29,27.15,0.23195654107456842,0.23025771435078,0.08049704958453334,0.10737291008689756,-0.36029833370011194,-0.6449262076858037
天津,东部,2019,4188.4,24585.8,13971.3,1565.1,986515,6.72,26761.23,15.71,29.98,0.27596964990660977,0.2547538619197632,0.08671016939119998,0.10764948343236443,-0.14871917471466153,-0.5537950881993482
天津,东部,2020,1619.6,10850.7,14305.3,1568.2,1013567,2.2,10327.76,6.92,11.32,0.10021825247501043,0.10580657055018464,0.08898259822981876,0.1079260567778313,-0.9935886657792118,-1.107912153699554
天津,东部,2021,1960.2,13701.6,16260.8,1565.1,1143670,2.55,12524.44,8.75,12.05,0.12352132237737837,0.1367225327903963,0.10228719282239064,0.10764948343236443,-0.8815664964174141,-0.992897895191459
天津,东部,2022,1193.8,8879.2,17818.7,1562.0,1210207,1.69,7642.77,5.68,6.7,0.07108599421186226,0.08442706949557825,0.11288664458192413,0.10737291008689756,-1.1336328223096095,-1.1874486546812473
天津,东部,2023,3105.7,20999.2,17710.0,1555.8,1260582,3.9,19962.08,13.5,17.54,0.2018938020402159,0.2158597617511346,0.1121470846574994,0.1068197633959638,-0.5048154834874693,-0.6984897949814639
天津,东部,2024,3795.0,23444.9,19660.7,1551.1,1349084,4.26,24466.51,15.12,19.3,0.24905412524544848,0.24238162111164732,0.1254190215901151,0.10640044251735274,-0.27810708260347883,-0.5998225768983153
河北,东部,2015,5382.6,49509.8,24737.8,7478.1,688858,6.0,7197.82,6.62,21.76,0.3576740717428042,0.5250367350037142,0.15996198104086767,0.6351908356083722,0.24404910083395517,0.4517173391238699
河北,东部,2016,6433.7,55380.9,26208.8,7531.3,746395,6.28,8542.62,7.35,24.55,0.42958792017022324,0.5887045963487304,0.16997019308161082,0.6399371910854166,0.589752278215592,0.6885759497825661
河北,东部,2017,7435.6,62044.1,29392.6,7569.2,832036,6.49,9823.5,8.2,25.3,0.49813561757240304,0.6609622131009765,0.1916317467833906,0.6433185232767696,0.9192737446970515,0.957390361824777
河北,东部,2018,8446.8,71642.8,32461.1,7592.0,919281,6.49,11125.92,9.44,26.02,0.5673195996195975,0.7650532183116538,0.21250883627830586,0.6453526756240744,1.2518539492145198,1.3446320620393242
河北,东部,2019,9531.5,78333.3,34265.4,7607.2,986515,6.72,12529.58,10.3,27.82,0.6415322828935216,0.8376068839499211,0.22478471458225754,0.6467087771889442,1.6086080511133514,1.614547841810067
河北,东部,2020,3632.1,35030.9,36418.1,7622.4,1013567,2.2,4765.03,4.6,9.97,0.2379088813021257,0.3680234670252509,0.23943099470469653,0.648064878753814,-0.33168433271809084,-0.13240695408629466
河北,东部,2021,4409.5,41965.1,40315.2,7607.2,1143670,2.55,5796.48,5.52,10.94,0.2910968042090571,0.4432198840746303,0.2659456127495505,0.6467087771889442,-0.07600014463276634,0.14734044896075457
河北,东部,2022,2744.9,28213.6,43074.1,7592.0,1210207,1.69,3615.52,3.72,6.37,0.17720869452179444,0.2940947464878083,0.284716283177291,0.6453526756240744,-0.6234813634221039,-0.4074382440393751
河北,东部,2023,7471.8,66749.7,45288.5,7561.6,1260582,3.9,9881.24,8.83,16.5,0.500612338448697,0.7119910643120116,0.2997823503037503,0.6426404724943348,0.9311798002780763,1.14722904253462
河北,东部,2024,8360.1,73798.7,48434.8,7538.9,1349084,4.26,11089.28,9.79,17.26,0.5613877847031699,0.7884324048820955,0.3211887660371223,0.6406152418678515,1.2233386172014025,1.4316078380811361
辽宁,东部,2015,3838.9,35235.7,17545.1,4286.7,688858,6.0,8955.37,8.22,21.88,0.25205766244073313,0.37024437588448667,0.11102515796442083,0.35046303731063644,-0.26366852348726355,-0.1241446789652952
辽宁,东部,2016,4255.3,41237.0,18935.8,4317.2,746395,6.28,9856.62,9.55,22.47,0.2805467942884901,0.4353241626859116,0.12048703456881343,0.35318416216119763,-0.12671599464917616,0.1179666085525523
辽宁,东部,2017,4777.7,43699.9,20758.6,4338.9,832036,6.49,11011.32,10.07,23.02,0.31628820273533975,0.46203254368889923,0.1328887809371796,0.35512017557946574,0.04509956986815521,0.2173277286478161
辽宁,东部,2018,5413.9,49951.3,22538.9,4352.0,919281,6.49,12440.03,11.48,24.02,0.35981554587064946,0.5298244853032874,0.14500137094135027,0.3562889210070838,0.2543435632562223,0.4695288355395015
辽宁,东部,2019,5739.8,52487.5,24944.9,4360.7,986515,6.72,13162.57,12.04,23.01,0.38211287552767154,0.5573277521431012,0.16137102299439446,0.35706511071855535,0.36153095314174766,0.5718471078143026
辽宁,东部,2020,2200.6,23613.6,25320.5,4369.4,1013567,2.2,5036.39,5.4,8.69,0.13996893836249066,0.24421105140731664,0.16392648488596695,0.3578413004300269,-0.8024997626693925,-0.593016689139953
辽宁,东部,2021,2792.4,28591.2,29011.4,4360.7,1143670,2.55,6403.56,6.56,9.63,0.1804585354506332,0.29818954719702434,0.1890381842885359,0.35706511071855535,-0.6078587766790464,-0.3922046742850319
辽宁,东部,2022,1766.1,19242.3,30569.2,4352.0,1210207,1.69,4058.13,4.42,5.78,0.11024144607658677,0.19680744351484852,0.1996369556801536,0.3562889210070838,-0.9454053192979923,-0.769368658067813
辽宁,东部,2023,4824.6,46503.5,32848.4,4334.6,1260582,3.9,11130.44,10.73,14.69,0.31949699304191953,0.492435571412305,0.2151439012160216,0.35473654158414075,0.06052481867340586,0.33043375662259433
辽宁,东部,2024,5345.5,48897.7,33900.0,4321.5,1349084,4.26,12369.55,11.31,15.77,0.35513577493312165,0.518398950273547,0.22229865021809195,0.3535677961565227,0.2318470383462196,0.42702330298342106
上海,东部,2015,3172.4,23482.1,26864.5,2391.6,688858,6.0,13264.76,9.82,11.81,0.20645726288134317,0.24278502838490693,0.1744313655052106,0.18138750602216155,-0.4828780827345863,-0.5983218120814151
上海,东部,2016,3768.5,25367.2,28296.8,2408.6,746395,6.28,15646.02,10.53,13.32,0.2472410560956753,0.26322758351452324,0.1841762751625569,0.18290419856181858,-0.28682284152328985,-0.5222709584163935
上海,东部,2017,4286.0,30009.1,30807.7,2420.7,832036,6.49,17705.62,12.4,13.91,0.28264721779407637,0.31356565399150893,0.2012596331592272,0.18398372678122155,-0.11661887016471588,-0.3350021357397909
上海,东部,2018,4988.0,32362.8,35743.2,2428.0,919281,6.49,20543.66,13.33,13.96,0.3306764458371248,0.3390898394504118,0.23483919164127195,0.18463501240119193,0.1142665170695236,-0.24004648655865385
上海,东部,2019,5506.4,34411.5,37534.6,2432.9,986515,6.72,22633.07,14.14,14.67,0.36614418346891436,0.3613065190398473,0.24702730248409133,0.18507217672144605,0.284766495334808,-0.15739549515048992
上海,东部,2020,2058.4,15357.4,38874.8,2437.7,1013567,2.2,8444.03,6.3,5.29,0.13023994088710394,0.15467849416306548,0.2561455932910281,0.1855004193208786,-0.8492688539296614,-0.9260977235832987
上海,东部,2021,2699.5,19804.5,43691.6,2432.9,1143670,2.55,11095.81,8.14,6.18,0.17410253077086224,0.20290409859620775,0.2889175550570727,0.18507217672144605,-0.6384132673828369,-0.7466877446253032
上海,东部,2022,1128.0,9595.3,46672.9,2428.0,1210207,1.69,4645.8,3.95,2.42,0.06658410930412353,0.09219265950582609,0.3092013637294504,0.18463501240119193,-1.1552742161557819,-1.1585589319559162
上海,东部,2023,4079.6,32051.4,49793.9,2418.3,1260582,3.9,16869.7,13.25,8.19,0.26852580373697493,0.3357129301790933,0.33043564638013656,0.18376960548150528,-0.18450312077033845,-0.2526093404291581
上海,东部,2024,4684.7,37385.4,52340.8,2411.0,1349084,4.26,19430.53,15.51,8.95,0.3099253562851923,0.39355632790938516,0.3477639368264783,0.1831183198615349,0.014512189508063657,-0.03741903039296628
江苏,东部,2015,8745.7,52296.7,68661.9,7948.9,688858,6.0,11002.4,6.58,12.74,0.587769651274964,0.5552586632254146,0.4588074647246245,0.6771942972360508,1.3501611318987286,0.5641496366566524
江苏,东部,2016,9647.2,58671.1,76054.1,8005.4,746395,6.28,12050.87,7.33,12.68,0.6494482112191351,0.624384451469129,0.5091016217930009,0.6822350695002052,1.6466613834538095,0.8213129497977663
江苏,东部,2017,10702.1,71011.0,83265.0,8045.8,832036,6.49,13301.47,8.83,12.85,0.7216220469208613,0.7582018012351637,0.5581622718301149,0.685839444712096,1.993614367774891,1.3191432660361622
江苏,东部,2018,12510.4,72028.3,90561.5,8070.0,919281,6.49,15502.35,8.93,13.81,0.8453417806391582,0.7692336888450297,0.6078053168031146,0.687998501150902,2.588358022669015,1.3601843426015574
江苏,东部,2019,14273.1,83652.6,97085.5,8086.1,986515,6.72,17651.4,10.35,14.7,0.96594166706577,0.8952908707415862,0.6521925196269135,0.6894348982031654,3.1681039942898046,1.8291451076847418
江苏,东部,2020,5770.2,34931.4,102715.2,8102.3,1013567,2.2,7121.68,4.31,5.62,0.3841927737221283,0.36694446101209677,0.6904951921801233,0.6908802169762503,0.3715294086573043,-0.13642109654010065
江苏,东部,2021,6895.3,45714.9,119151.2,8086.1,1143670,2.55,8527.35,5.65,5.79,0.4611695322281594,0.4838837709904624,0.802320462813471,0.6894348982031654,0.7415709317018099,0.298619156229917
江苏,东部,2022,4437.6,29715.2,122609.7,8070.0,1210207,1.69,5498.88,3.68,3.62,0.2930193416848544,0.3103785196471271,0.8258509871798274,0.687998501150902,-0.06675815121213641,-0.3468589846561081
江苏,东部,2023,10959.1,68221.9,127007.7,8037.7,1260582,3.9,13634.62,8.49,8.63,0.7392053967884731,0.7279560155940767,0.8557735681146937,0.6851167853255535,2.0781407844689075,1.2066222135948528
江苏,东部,2024,12404.8,77832.7,137025.6,8013.5,1349084,4.26,15479.88,9.71,9.05,0.8381168711215714,0.8321782366113788,0.9239321455470261,0.6829577288867477,2.5536265456149754,1.594352065806295
浙江,东部,2015,7717.3,50671.4,43834.4,5762.2,688858,6.0,13392.97,8.79,17.61,0.5174088847230109,0.5376334524396922,0.2898891204407696,0.4821030280320468,1.011923906497458,0.4985799308257897
浙江,东部,2016,8464.5,53366.0,48503.5,5803.2,746395,6.28,14585.92,9.2,17.45,0.5685305929762385,0.566854453475321,0.3216561787952454,0.48576093356886674,1.2576754183798278,0.607288556514489
浙江,东部,2017,9402.8,59027.6,52682.9,5832.4,832036,6.49,16121.67,10.12,17.85,0.6327269244189626,0.628250437837867,0.35009147546627317,0.4883660760487482,1.5662790634537405,0.8356952792930611
浙江,东部,2018,11093.5,68961.5,58847.8,5850.0,919281,6.49,18963.25,11.79,18.85,0.7484007361744925,0.7359764462204967,0.39203547710459913,0.4899362989133344,2.1223444825376845,1.2364600001158068
浙江,东部,2019,12180.1,70575.6,59795.4,5861.7,986515,6.72,20779.13,12.04,20.37,0.8227434130855701,0.7534802010529797,0.3984826434742852,0.4909801402494513,2.4797234879062384,1.3015778627759902
浙江,东部,2020,4805.1,31257.8,63998.0,5873.4,1013567,2.2,8181.12,5.32,7.51,0.3181628478185015,0.3271069083495546,0.427075785501768,0.49202398158556815,0.054111335694676986,-0.2846256565230318
浙江,东部,2021,5796.9,40552.8,71065.6,5861.7,1143670,2.55,9889.45,6.92,8.16,0.38601952641265447,0.4279045052567655,0.47516146831560646,0.4909801402494513,0.3803109468897176,0.09036383200085342
浙江,东部,2022,3445.7,25968.9,74622.7,5850.0,1210207,1.69,5890.09,4.44,4.62,0.22515582132032483,0.2697525877166823,0.4993628354468963,0.4899362989133344,-0.39299065206347866,-0.49799649093443304
浙江,东部,2023,8911.8,61310.6,78274.1,5826.6,1260582,3.9,15295.03,10.52,11.39,0.5991338318703348,0.6530079325919459,0.5242057895227424,0.4878486162411006,1.4047908510149776,0.9277986684592826
浙江,东部,2024,11487.5,69373.2,84696.6,5809.1,1349084,4.26,19775.01,11.94,13.56,0.7753573114579129,0.7404410369302007,0.567902418912051,0.48628731509733597,2.251929728364309,1.2530692709523084
福建,东部,2015,5141.2,30811.7,28737.9,3913.4,688858,6.0,13137.43,7.87,17.89,0.3411580380539268,0.3222692743549008,0.18717737803894835,0.31715825348393195,0.16465347052292165,-0.30262273138376383
福建,东部,2016,5406.8,34796.3,31697.1,3941.2,746395,6.28,13718.66,8.83,17.06,0.3593297801739178,0.3654793985761458,0.20731082540194437,0.3196384918723123,0.25200839765883915,-0.14187145478642407
福建,东部,2017,6446.4,38649.7,35981.6,3961.1,832036,6.49,16274.27,9.76,17.92,0.43045682500803906,0.4072667530594429,0.2364611887524298,0.3214139143157932,0.5939292645658409,0.013586801811524978
福建,东部,2018,7086.8,41151.3,40456.4,3973.0,919281,6.49,17837.4,10.36,17.52,0.4742715224991619,0.434394807757999,0.26690629224659534,0.32247559909355317,0.8045546235185576,0.11450920143404816
福建,东部,2019,8007.1,47127.6,41776.8,3980.9,986515,6.72,20113.79,11.84,19.17,0.5372363352741155,0.49920348752094296,0.27588987020621275,0.32318041503845263,1.1072381304582593,0.35561191044591395
福建,东部,2020,3186.0,20821.6,42986.8,3988.9,1013567,2.2,7987.16,5.22,7.41,0.20738774365254753,0.21393381734976602,0.2841223219868377,0.3238941527041736,-0.4784050894776267,-0.7056547366879559
福建,东部,2021,3961.2,27549.6,47037.8,3980.9,1143670,2.55,9950.51,6.92,8.42,0.26042514761119584,0.2868941435457547,0.3116840262540372,0.32318041503845263,-0.22344447383092816,-0.4342260891582411
福建,东部,2022,2543.7,17872.7,51836.8,3973.0,1210207,1.69,6402.47,4.5,4.91,0.16344305252427116,0.1819551155187091,0.3443348825310776,0.32247559909355317,-0.6896553519000655,-0.824622622939498
福建,东部,2023,6283.8,38469.4,53021.3,3957.1,1260582,3.9,15879.81,9.72,11.85,0.4193321063758458,0.4053115290979184,0.3523938404931852,0.32105704548293273,0.5404506834201326,0.006312933626387288
福建,东部,2024,7151.9,44498.0,57361.3,3945.2,1349084,4.26,18128.11,11.28,12.47,0.478725515014265,0.47068736478536455,0.3819218080369141,0.31999536070517276,0.8259657897706214,0.2495255888727663
山东,东部,2015,5943.4,61354.6,49390.4,9919.0,688858,6.0,5991.93,6.19,12.03,0.39604272001423085,0.6534850809796724,0.32769036184006867,0.8529611191406599,0.42849429337093714,0.92957376662981
山东,东部,2016,6956.0,69797.9,53483.6,9989.4,746395,6.28,6963.38,6.99,13.01,0.4653224868466964,0.7450466032999148,0.35553918136771645,0.8592420105990043,0.7615349530766222,1.2702030026119204
山东,东部,2017,7438.5,80879.7,60217.1,10039.8,832036,6.49,7409.01,8.06,12.35,0.49833402891332157,0.865220762461435,0.40135175497502035,0.8637385578930463,0.9202275447297854,1.7172776141153083
山东,东部,2018,8417.7,82551.4,65485.7,10070.0,919281,6.49,8359.19,8.2,12.85,0.5653286444400354,0.883349147910578,0.43719761898444204,0.866432917581143,1.2422830592308787,1.7847192416532724
山东,东部,2019,10713.0,93308.3,71738.2,10090.1,986515,6.72,10617.34,9.25,14.93,0.7223677998919,1.0,0.47973762291696864,0.868226183466267,1.9971993403117188,2.218686366892926
山东,东部,2020,3617.9,42324.5,74494.1,10110.3,1013567,2.2,3578.43,4.19,4.86,0.23693734990866236,0.4471173188598322,0.49848788230723656,0.8700283710722123,-0.33635466391285745,0.16183977356274326
山东,东部,2021,4601.9,51898.2,82645.2,10090.1,1143670,2.55,4560.81,5.14,5.57,0.3042603704134481,0.5509372170320285,0.5539453514882708,0.868226183466267,-0.012720445909308237,0.5480728952713089
山东,东部,2022,3183.3,33458.1,87792.4,10070.0,1210207,1.69,3161.17,3.32,3.63,0.20720301585238196,0.3509675810203384,0.5889652488479671,0.866432917581143,-0.4792931101977584,-0.19585864505459671
山东,东部,2023,8567.3,78643.0,90907.2,10029.7,1260582,3.9,8541.93,7.84,9.42,0.5755639329232832,0.8409653579426228,0.6101573486878765,0.8628374640900738,1.291485985057434,1.6270421123421643
山东,东部,2024,8652.9,86067.3,97185.7,9999.5,1349084,4.26,8653.33,8.61,8.9,0.5814204883655695,0.9214765573743825,0.6528742482784992,0.860143104401977,1.319639530851239,1.9265616884204733
广东,东部,2015,8392.6,35149.1,74807.8,11348.2,688858,6.0,7395.53,3.1,11.22,0.5636113600755333,0.36930526110318873,0.5006221964589572,0.9804703531217102,1.234027755499284,-0.12763839491001472
广东,东部,2016,9908.6,36567.9,81712.4,11428.8,746395,6.28,8669.85,3.2,12.13,0.667332598983313,0.3846911277510587,0.5475988795701163,0.9876612601038487,1.7326349450250775,-0.07039954753855811
广东,东部,2017,11092.1,44139.9,93482.2,11486.4,832036,6.49,9656.72,3.84,11.87,0.7483049513892215,0.4668040275661637,0.6276768225185452,0.9928001712970397,2.1218840273494686,0.23507871035308875
广东,东部,2018,13372.8,48160.2,95177.7,11521.0,919281,6.49,11607.33,4.18,14.05,0.9043452083661168,0.5104012926383594,0.6392124605301563,0.9958870867012829,2.8719984186103367,0.39727023705696973
广东,东部,2019,14770.9,50751.1,107161.0,11544.0,986515,6.72,12795.3,4.4,13.78,1.0,0.5384977416783694,0.7207429889787202,0.9979390824902307,3.331828703357047,0.5017952791028583
广东,东部,2020,5391.8,22773.2,111011.7,11567.1,1013567,2.2,4661.32,1.97,4.86,0.3583035146174424,0.2350975172017416,0.7469419163106642,1.0,0.2470749492136631,-0.6269210641970236
广东,东部,2021,6540.5,28838.9,125561.9,11544.0,1143670,2.55,5665.71,2.5,5.21,0.436894930932328,0.3008756757342934,0.8459368087887207,0.9979390824902307,0.6248784311452455,-0.38221167844776816
广东,东部,2022,4036.5,18929.7,131097.6,11521.0,1210207,1.69,3503.6,1.64,3.08,0.2655770007047023,0.19341752110568297,0.8835999355011217,0.9958870867012829,-0.1986785626361443,-0.7819799237066043
广东,东部,2023,11375.3,43713.5,132748.1,11474.9,1260582,3.9,9913.2,3.81,8.57,0.7676808450954768,0.46218002591783286,0.8948294079506435,0.9917741734025658,2.215027533994392,0.21787639535506992
广东,东部,2024,12786.5,49981.8,148206.0,11440.4,1349084,4.26,11176.62,4.37,8.63,0.8642319086486819,0.5301552358902342,1.0,0.9886961797191441,2.6791663637165555,0.4707593013167988
海南,东部,2015,684.8,5671.5,3765.3,930.8,688858,6.0,7357.11,6.09,18.19,0.03626138299546391,0.049641867602166684,0.017271819909334175,0.051059008261513474,-1.3010411728825837,-1.316857345626709
海南,东部,2016,695.5,6180.9,4001.5,937.4,746395,6.28,7419.46,6.59,17.38,0.03699345242574969,0.05516594461825417,0.018878848926345414,0.051647841835733274,-1.2975219796583581,-1.296306549988832
海南,东部,2017,860.0,7144.6,4582.5,942.2,832036,6.49,9127.57,7.58,18.77,0.048248164695096504,0.06561657873761718,0.02283178651687687,0.052076084435165856,-1.2434184950429272,-1.2574278657402609
海南,东部,2018,923.8,7610.4,5021.2,945.0,919281,6.49,9775.66,8.05,18.4,0.05261321419530517,0.07066784507859393,0.02581656056329021,0.05232589261816819,-1.2224348943227785,-1.2386360310168154
海南,东部,2019,1047.7,8506.2,5502.3,946.9,986515,6.72,11064.53,8.98,19.04,0.06109016769179193,0.08038215248144273,0.029089810605983295,0.052495405313776916,-1.1816846101656242,-1.2024966459904898
海南,东部,2020,384.3,3619.5,5534.2,948.8,1013567,2.2,4050.38,3.81,6.94,0.01570186301407352,0.0273894018836517,0.02930684797110886,0.05266491800938564,-1.3998745900676106,-1.3996414693976624
海南,东部,2021,498.1,4532.5,5961.2,946.9,1143670,2.55,5260.32,4.79,8.36,0.02348779770253351,0.037290230928975376,0.032212018971378965,0.052495405313776916,-1.3624461611968748,-1.3628081823592217
海南,东部,2022,285.4,2600.4,6503.8,945.0,1210207,1.69,3020.11,2.75,4.39,0.008935352111712425,0.01633799456701495,0.03590369528226084,0.05232589261816819,-1.4324024601494716,-1.4407551636154883
海南,东部,2023,835.7,7179.0,6624.8,945.0,1260582,3.9,8843.39,7.6,12.61,0.04658561449360637,0.06598962202256695,0.03672694046032333,0.05232589261816819,-1.2514106815241126,-1.2560400617160306
海南,东部,2024,1007.9,7646.3,7184.8,938.4,1349084,4.26,10740.62,8.15,14.03,0.05836714308194388,0.07105715478585255,0.04053700078854642,0.051737059043948395,-1.1947746933734913,-1.2371877122822261
山西,中部,2015,4079.4,43024.3,11977.5,3673.1,688858,6.0,11106.15,11.71,34.06,0.26851212019622195,0.4547061470809905,0.07314499388689427,0.2957193583498385,-0.18456890008294075,0.19007190310217476
山西,中部,2016,4508.4,51919.8,13100.8,3699.2,746395,6.28,12187.5,14.04,34.41,0.29786331511141817,0.5511714535132761,0.08078756668456034,0.29804792748425313,-0.04347227455090566,0.548944307100477
山西,中部,2017,4886.0,57383.7,14196.6,3717.8,832036,6.49,13142.18,15.43,34.42,0.3236978400530921,0.6104235234155149,0.08824303830539403,0.2997073675570544,0.0807190676423264,0.769375191053748
山西,中部,2018,5408.1,64136.6,16124.0,3729.0,919281,6.49,14502.82,17.2,33.54,0.35941872318881235,0.6836538722218306,0.101356449513639,0.30070660028906376,0.2524359631907545,1.0418083827754203
山西,中部,2019,6307.2,73394.0,17390.9,3736.5,986515,6.72,16879.97,19.64,36.27,0.4209330806439474,0.7840437241431661,0.10997603063832799,0.30137572935067714,0.5481468629946071,1.4152809692263093
山西,中部,2020,2292.1,28893.6,17575.0,3743.9,1013567,2.2,6122.23,7.72,13.04,0.14622915825699057,0.3014688579344897,0.11122858797123132,0.30203593669146905,-0.7724057271538186,-0.38000490867668096
山西,中部,2021,2953.0,37473.5,19831.9,3736.5,1143670,2.55,7903.12,10.03,14.89,0.1914464186752964,0.39451170911299194,0.12658381146188613,0.30137572935067714,-0.5550379886593615,-0.03386479973788788
山西,中部,2022,1910.6,25646.7,21000.0,3729.0,1210207,1.69,5123.63,6.88,9.1,0.12012780427063306,0.26625856020474004,0.13453118908581005,0.30070660028906376,-0.8978797659427963,-0.5109950507195213
山西,中部,2023,5112.7,56010.1,21381.4,3714.1,1260582,3.9,13765.65,15.08,23.91,0.33920813349662354,0.5955278182932184,0.1371261123164963,0.2993772638866584,0.15527991847708716,0.7139598536211059
山西,中部,2024,5823.0,69810.0,23215.7,3702.9,1349084,4.26,15725.51,18.85,25.08,0.3878052284809217,0.7451778191065396,0.14960610099517416,0.2983780311546491,0.3888951471843241,1.2706911546088155
吉林,中部,2015,2997.4,15845.4,8206.6,2650.6,688858,6.0,11308.38,5.98,36.52,0.19448416472246358,0.15997050355421327,0.047489000151722055,0.20449476294987776,-0.5404349812616404,-0.9064102711465417
吉林,中部,2016,3476.0,18343.3,9105.0,2669.5,746395,6.28,13021.17,6.87,38.18,0.22722887774440512,0.18705843441107417,0.05360142550685709,0.20618096818514353,-0.383025086204223,-0.8056371411429042
吉林,中部,2017,4031.8,20136.6,9573.6,2682.9,832036,6.49,15027.77,7.51,42.11,0.2652554374970067,0.20650548449538847,0.05678962956008091,0.20737647877522616,-0.2002243764822994,-0.7332897877518463
吉林,中部,2018,4199.4,22268.5,10653.7,2691.0,919281,6.49,15605.35,8.28,39.42,0.2767222446480251,0.22962440830888853,0.06413828341814119,0.20809913816176864,-0.14510131252153244,-0.6472822470757762
吉林,中部,2019,4878.6,24399.0,11351.4,2696.4,986515,6.72,18093.01,9.05,42.98,0.32319154904523095,0.25272815012823363,0.06888521036635771,0.2085809110861303,0.07828523307603967,-0.5613311867960412
吉林,中部,2020,1958.5,11297.4,11857.0,2701.8,1013567,2.2,7248.87,4.18,16.52,0.12340501228097783,0.11065071111376194,0.07232515054841056,0.20906268401049194,-0.882125620574534,-1.0898908729546783
吉林,中部,2021,2290.8,12999.5,13714.6,2696.4,1143670,2.55,8495.77,4.82,16.7,0.14614021524209603,0.1291087627216978,0.08496366495145916,0.2085809110861303,-0.7728332926857338,-1.0212228139534407
吉林,中部,2022,1142.2,6767.2,14536.3,2691.0,1210207,1.69,4244.52,2.51,7.86,0.06755564069758692,0.06152394688470902,0.09055424811521078,0.20809913816176864,-1.1506038849610152,-1.272653366866556
吉林,中部,2023,3849.1,21130.3,15067.6,2680.2,1260582,3.9,14361.24,7.88,25.55,0.2527555230191364,0.21728144706092858,0.09416904285161244,0.20713559231304532,-0.26031377854454385,-0.6932008092960975
吉林,中部,2024,4565.6,22605.3,15583.6,2672.2,1349084,4.26,17085.55,8.46,29.3,0.30177680776677773,0.23327676233130365,0.09767974129690372,0.20642185464732435,-0.024659391146634055,-0.6336946774431949
黑龙江,中部,2015,2035.0,15754.6,9224.2,3694.7,688858,6.0,5507.89,4.26,22.06,0.12863896661900234,0.15898584279045053,0.054412424062436016,0.29764645004728507,-0.8569650335041362,-0.9100734282802663
黑龙江,中部,2016,2524.8,17744.1,9818.9,3721.0,746395,6.28,6785.27,4.77,25.71,0.16214995792311218,0.18056054091276316,0.05845857205742577,0.2999928626233428,-0.6958714969409873,-0.8298107507742664
黑龙江,中部,2017,2814.7,20115.3,11325.5,3739.7,832036,6.49,7526.54,5.38,24.85,0.18198425024459325,0.20627450129860272,0.06870899507617739,0.3016612244169655,-0.6005243833238848,-0.7341490966389425
黑龙江,中部,2018,3255.5,21463.4,12874.7,3751.0,919281,6.49,8679.02,5.72,25.29,0.21214277406421683,0.22089367724164857,0.07924925482704027,0.3026693788697964,-0.455546778348311,-0.6797625092824012
黑龙江,中部,2019,3688.4,24375.2,13535.4,3758.5,986515,6.72,9813.49,6.49,27.25,0.2417607980240967,0.25247005622759977,0.08374444564642776,0.3033385079314098,-0.31316745622052994,-0.5622913535337355
黑龙江,中部,2020,1374.6,10475.8,14041.3,3766.0,1013567,2.2,3650.03,2.78,9.79,0.083455915052579,0.10174104940112455,0.08718642693222786,0.3040076369930232,-1.0741683237170874,-1.1230367969752513
黑龙江,中部,2021,1774.0,13033.9,16125.3,3758.5,1143670,2.55,4719.97,3.47,11.0,0.11078194593633049,0.12948180600664755,0.1013652942965438,0.3033385079314098,-0.9428070364501996,-1.0198350099292102
黑龙江,中部,2022,1088.7,8855.0,17142.5,3751.0,1210207,1.69,2902.43,2.36,6.35,0.06389529354615801,0.0841646378823287,0.10828599673559475,0.3026693788697964,-1.1681998510821432,-1.1884249586750373
黑龙江,中部,2023,2860.1,18954.6,17370.6,3736.0,1260582,3.9,7655.51,5.07,16.47,0.18509041399552545,0.19368754371600994,0.10983791595142989,0.3013311207465696,-0.5855924793631518,-0.7809753795146469
黑龙江,中部,2024,3177.6,22028.5,19119.7,3724.7,1349084,4.26,8531.16,5.91,16.62,0.2068130349409213,0.22702178073947157,0.12173823116588528,0.3003229662937387,-0.48116782060692537,-0.6569646007331977
安徽,中部,2015,5244.4,54988.2,25818.6,6270.5,688858,6.0,8363.61,8.77,20.31,0.3482187450824775,0.5844460469882719,0.1673153974743382,0.5274521349677925,0.19859559582573288,0.6727331986106101
安徽,中部,2016,5775.6,64110.2,28265.0,6315.1,746395,6.28,9145.7,10.15,20.43,0.3845622293224595,0.6833675831891947,0.1839599181653471,0.531431222454187,0.3733054500975679,1.0407433238731039
安徽,中部,2017,6616.9,70071.3,31528.5,6346.9,832036,6.49,10425.4,11.04,20.99,0.442122043499976,0.7480114298727424,0.2061637250959829,0.5342683296754277,0.6500061285593421,1.2812328171533334
安徽,中部,2018,7173.0,73555.0,35496.3,6366.0,919281,6.49,11267.67,11.55,20.21,0.48016912856370714,0.7857896534709834,0.23315936325727507,0.5359723783523366,0.8329055072501692,1.4217762148048296
安徽,中部,2019,8235.8,88395.0,36859.6,6378.7,986515,6.72,12911.41,13.86,22.34,0.552883464125177,0.9467187915132652,0.242434819052751,0.5371054368966686,1.1824567744190433,2.0204684159553894
安徽,中部,2020,3189.5,37153.2,37004.6,6391.5,1013567,2.2,4990.22,5.81,8.62,0.20762720561572512,0.3910382857359742,0.24342135253059446,0.5382474171618221,-0.47725395150708566,-0.046786707556521714
安徽,中部,2021,4194.8,46119.3,43944.6,6378.7,1143670,2.55,6576.26,7.23,9.55,0.276407523210706,0.48826919844493005,0.2906388858839306,0.5371054368966686,-0.14661423671138624,0.31493392214267224
安徽,中部,2022,2703.6,29966.4,45225.9,6366.0,1210207,1.69,4246.94,4.71,5.98,0.17438304335629884,0.3131026031697835,0.2993564399884882,0.5359723783523366,-0.6370647914744888,-0.33672478782800697
安徽,中部,2023,6309.3,70822.0,48481.4,6340.5,1260582,3.9,9950.79,11.17,13.01,0.421076757821854,0.7561522320242478,0.3215058174858637,0.533697339542851,0.5488375457769319,1.3115184125309427
安徽,中部,2024,7798.3,83184.3,51142.5,6321.4,1349084,4.26,12336.35,13.16,15.25,0.522950718727978,0.8902124936967614,0.3396110880919967,0.5319932908659422,1.0385645281014084,1.810252415110698
江西,中部,2015,5815.7,52631.0,17408.7,4596.0,688858,6.0,12653.83,11.45,33.41,0.387305779243437,0.5588839065439817,0.11009713612733223,0.3780579198115732,0.38649420227433834,0.5776363484386358
江西,中部,2016,6731.2,56613.3,18579.4,4628.7,746395,6.28,14542.31,12.23,36.23,0.4499421870403185,0.6020690889176865,0.11806220331706575,0.38097532252020766,0.6875990057115837,0.7382948358134254
江西,中部,2017,8068.2,61540.4,20762.1,4652.0,832036,6.49,17343.51,13.23,38.86,0.5414166569741586,0.6554999484896626,0.13291259381423098,0.38305408347162,1.1273337104582764,0.9370695220862638
江西,中部,2018,9069.6,67048.8,23155.0,4666.0,919281,6.49,19437.63,14.37,39.17,0.609930145524456,0.7152345889203976,0.1491931176703114,0.38430312438663167,1.45669072865823,1.159295675780182
江西,中部,2019,9523.1,76351.8,25064.6,4675.3,986515,6.72,20368.96,16.33,37.99,0.6409575741818954,0.8161189400799224,0.16218542338955214,0.3851328444230323,1.6058453199840528,1.534607909425981
江西,中部,2020,3630.2,34281.7,25263.8,4684.7,1013567,2.2,7749.06,7.32,14.37,0.23777888766497216,0.35989893129605427,0.16354071627773434,0.3859714861802544,-0.33230923618781316,-0.16263203475354548
江西,中部,2021,4731.8,42676.3,29312.6,4675.3,1143670,2.55,10120.85,9.13,16.14,0.31314783013252506,0.4509323371053359,0.1910874524507873,0.3851328444230323,0.030003217625916595,0.17603249029891366
江西,中部,2022,2765.6,30092.8,29677.0,4666.0,1210207,1.69,5927.13,6.45,9.32,0.17862494098973047,0.31447332035634307,0.19356671313579532,0.38430312438663167,-0.6166732045677611,-0.3316254149017651
江西,中部,2023,7496.4,68561.8,31639.8,4647.3,1260582,3.9,16130.66,14.75,23.69,0.5022954139613166,0.7316419868892636,0.20692097458621725,0.38263476259300894,0.9392706557281649,1.2203348469621764
江西,中部,2024,8589.7,73267.5,35615.5,4633.3,1349084,4.26,18539.05,15.81,24.12,0.5770964894876199,0.7826719225284526,0.23397036181285397,0.3813857216779973,1.2988532680688976,1.4101775619860435
河南,中部,2015,5702.2,61334.0,38922.6,9495.4,688858,6.0,6005.22,6.46,14.65,0.3795403698661065,0.653261688779964,0.25647080915475856,0.8151687097407347,0.3491644423725062,0.9287426979408813
河南,中部,2016,6763.0,66877.4,41787.3,9562.9,746395,6.28,7072.12,6.99,16.18,0.4521178700200464,0.7133758790645722,0.27596130883736697,0.8211908712952554,0.698057916415357,1.152380861543173
河南,中部,2017,7337.4,72987.8,45103.5,9611.1,832036,6.49,7634.3,7.59,16.27,0.4914169990626774,0.779638776981928,0.2985236696596052,0.8254911407312242,0.8869761022092987,1.3988935856611235
河南,中部,2018,8354.4,82559.3,49039.2,9640.0,919281,6.49,8666.39,8.56,17.04,0.5609978037917092,0.883434817734738,0.3253009097199402,0.8280695180486412,1.2214639067922353,1.785037952461163
河南,中部,2019,9181.7,89166.6,51042.0,9659.3,986515,6.72,9505.55,9.23,17.99,0.6175997701165155,0.9550862391489409,0.3389273183366638,0.8297914101671929,1.493560033371846,2.0515971829639996
河南,中部,2020,3475.1,40711.4,55139.7,9678.6,1013567,2.2,3590.5,4.21,6.3,0.2271673018110166,0.4296244083088885,0.36680675442052046,0.8315133022857448,-0.38332109311093354,0.09676225404279937
河南,中部,2021,4295.5,46355.1,65947.5,9659.3,1143670,2.55,4447.01,4.8,6.51,0.2832971859798441,0.49082628003188217,0.4403395580193946,0.8297914101671929,-0.11349435281610437,0.32444683461108864
河南,中部,2022,2801.6,32073.8,67138.4,9640.0,1210207,1.69,2906.22,3.33,4.17,0.18108797832527143,0.3359558420855722,0.44844205952811045,0.8280695180486412,-0.6048329282993385,-0.2517056540877988
河南,中部,2023,6962.1,71084.8,68556.2,9601.4,1260582,3.9,7251.13,7.4,10.16,0.46573983483966314,0.7590021092127593,0.4580883158376724,0.8246257338115375,0.763541222110994,1.3221205897858193
河南,中部,2024,8520.0,82095.0,74889.4,9572.5,1349084,4.26,8900.5,8.58,11.38,0.5723277755351975,0.8783998178160701,0.5011773766782125,0.8220473564941205,1.2759291776269792,1.7663066324480763
湖北,中部,2015,4069.8,46777.7,31770.1,5838.1,688858,6.0,6971.1,8.01,12.81,0.2678553102400777,0.49540907341036383,0.20780749398044487,0.4888746141355745,-0.1877263070878534,0.34149584567619823
湖北,中部,2016,4849.0,52226.1,34020.8,5879.6,746395,6.28,8247.16,8.88,14.25,0.32116638501378614,0.5544930569487444,0.22312053466032297,0.49257712827650196,0.06854989481089213,0.561301410955761
湖北,中部,2017,5584.4,62107.0,38304.6,5909.2,832036,6.49,9450.35,10.51,14.58,0.3714807643625864,0.6616443184097945,0.25226613543539805,0.4952179576396695,0.3104204272497235,0.9599279453458263
湖北,中部,2018,6211.2,65685.8,43088.8,5927.0,919281,6.49,10479.5,11.08,14.41,0.41436498108250486,0.700453833182417,0.28481629726090685,0.4968060239458987,0.5165727929454804,1.104307975634076
湖北,中部,2019,7193.7,76074.4,44392.9,5938.9,986515,6.72,12112.85,12.81,16.2,0.48158537503164317,0.8131107363809378,0.2936889752502564,0.4978677087236586,0.8397136661045121,1.523416722323611
湖北,中部,2020,1133.5,14406.2,47684.0,5950.7,1013567,2.2,1904.82,2.42,2.38,0.06696040667483118,0.14436341356294294,0.3160805637256403,0.498920471780597,-1.1534652850592173,-0.9644721185788792
湖北,中部,2021,3223.7,39617.0,52555.9,5938.9,1143670,2.55,5428.11,6.67,6.13,0.209967091084489,0.4177564265923472,0.3492274082132655,0.4978677087236586,-0.4660056890520843,0.05261072136495748
湖北,中部,2022,2049.4,26383.7,57507.7,5927.0,1210207,1.69,3457.74,4.45,3.56,0.12962418155321873,0.27425079569915795,0.3829178666655781,0.4968060239458987,-0.8522289229967671,-0.4812621563631897
湖北,中部,2023,5631.6,61795.0,55754.9,5903.3,1260582,3.9,9539.75,10.47,10.1,0.3747100799802957,0.6582609025695525,0.37099237783823985,0.49469157611120035,0.32594434502387776,0.9473408855911783
湖北,中部,2024,6696.2,72987.5,61683.9,5885.5,1349084,4.26,11377.45,12.4,10.86,0.4475475674085426,0.7796355236974662,0.41133139156330184,0.49310350980497114,0.6760876260061729,1.3988814827190517
湖南,中部,2015,4687.5,55412.8,27719.6,6814.2,688858,6.0,6879.02,8.13,16.91,0.3101169258557344,0.5890505289298321,0.1802491915528241,0.5759595310743536,0.01543309988449658,0.6898628959561984
湖南,中部,2016,5506.0,62023.5,30277.5,6862.7,746395,6.28,8023.08,9.04,18.19,0.3661168163874084,0.6607388209012682,0.19765232246989883,0.5802865656727869,0.28463493670960344,0.9565592931358483
湖南,中部,2017,6495.3,68497.8,33561.1,6897.2,832036,6.49,9417.3,9.93,19.35,0.43380245072214885,0.7309479528707524,0.21999288335160122,0.5833645593562086,0.610012306497115,1.217752885986864
湖南,中部,2018,7163.8,79700.9,36473.8,6918.0,919281,6.49,10355.31,11.52,19.64,0.4795396856890689,0.852437523382982,0.2398099596337716,0.5852202772870831,0.8298796588704613,1.6697211204012732
湖南,中部,2019,8028.2,82783.1,40467.7,6931.8,986515,6.72,11581.7,11.94,19.84,0.5386799488235575,0.8858617679432194,0.2669831738210755,0.5864514747604518,1.1141778479378068,1.7940667472467087
湖南,中部,2020,3060.9,36183.6,41445.2,6945.7,1013567,2.2,4406.9,5.21,7.39,0.19882868891154273,0.3805236703555297,0.27363377019757207,0.587691593954642,-0.519550049510395,-0.08590341633250433
湖南,中部,2021,3915.7,44212.4,45937.3,6931.8,1143670,2.55,5648.89,6.38,8.52,0.2573121420898872,0.46759023797775834,0.30419657734116307,0.5864514747604518,-0.2384092674479622,0.23800358802043484
湖南,中部,2022,2344.2,28954.7,48127.0,6918.0,1210207,1.69,3388.55,4.19,4.87,0.1497937206231484,0.3021314435365371,0.3190945935924311,0.5852202772870831,-0.7552702162209071,-0.37753994280806236
湖南,中部,2023,6474.3,67117.1,51352.3,6890.3,1260582,3.9,9396.25,9.74,12.61,0.4323656789430833,0.7159752533495275,0.34103849997924884,0.5827489606195243,0.6031054786738685,1.1620511122585233
湖南,中部,2024,7500.5,77151.5,54565.2,6869.6,1349084,4.26,10918.39,11.23,13.75,0.5025759265467532,0.8247911120268504,0.36289804074451304,0.5809021644094713,0.9406191316365131,1.566870318675314
内蒙古,西部,2015,2627.2,12245.7,11726.0,2501.9,688858,6.0,10500.82,4.89,22.4,0.16915593078865085,0.1209343432974207,0.07143386857877265,0.19122816408828935,-0.6621924888885855,-1.051633473065792
内蒙古,西部,2016,3142.5,14190.1,13088.2,2519.7,746395,6.28,12471.72,5.63,24.01,0.20441157353876888,0.14201996432231376,0.08070184032717533,0.19281623039451848,-0.4927120899686373,-0.9731902711845825
内蒙古,西部,2017,3610.3,16215.8,15046.3,2532.4,832036,6.49,14256.44,6.4,23.99,0.23641737536004817,0.16398722543634678,0.0940241244855568,0.19394928893885052,-0.3388542777917466,-0.8914671720019214
内蒙古,西部,2018,3878.9,17517.8,15509.2,2540.0,919281,6.49,15271.26,6.9,25.01,0.2547943705913342,0.17810648000043378,0.09717354756758266,0.19462733972128543,-0.25051266096679403,-0.83894040341041
内蒙古,西部,2019,4529.9,20428.6,16772.0,2545.1,986515,6.72,17798.51,8.03,27.01,0.29933429574236625,0.20967201470484575,0.10576523360772572,0.19508234748318254,-0.03640099844615331,-0.7215095908019835
内蒙古,西部,2020,1622.9,9327.3,17534.8,2550.2,1013567,2.2,6363.81,3.66,9.26,0.10044403089743503,0.08928639205331049,0.11095508006909817,0.19553735524507965,-0.992503307121273,-1.1693708935400366
内蒙古,西部,2021,2261.0,10515.2,19747.3,2545.1,1143670,2.55,8883.74,4.13,11.45,0.14410136766989826,0.10216831409377052,0.12600822020515814,0.19508234748318254,-0.7826344102634836,-1.1214472772498245
内蒙古,西部,2022,1409.0,7019.1,21458.4,2540.0,1210207,1.69,5547.24,2.76,6.57,0.0858094840620959,0.06425562140444291,0.13764999561162697,0.19462733972128543,-1.0628542819494837,-1.2624909298402875
内蒙古,西部,2023,3479.0,16918.7,22101.1,2529.8,1260582,3.9,13752.08,6.69,15.74,0.2274341308557002,0.1716096709302767,0.14202272020617868,0.19371732419749121,-0.38203839651518773,-0.8631099787277483
内蒙古,西部,2024,4124.3,20023.2,22703.2,2522.2,1349084,4.26,16351.99,7.94,18.17,0.27158407509527166,0.20527574296883896,0.1461192154269343,0.19303927341505628,-0.16980144440371372,-0.7378646998549778
广西,西部,2015,5008.8,49243.1,14699.1,4885.6,688858,6.0,10252.17,10.08,34.08,0.33209953407543735,0.5221445651171995,0.0916618870820585,0.4038952233106722,0.12110756558016779,0.44095782362206015
广西,西部,2016,5486.8,56994.5,16078.2,4920.3,746395,6.28,11151.35,11.58,34.13,0.3648031964751199,0.6062029290404437,0.10104484100822361,0.40699106043573685,0.2783201226997781,0.7536736408726297
广西,西部,2017,6643.7,60295.7,18007.6,4945.1,832036,6.49,13434.92,12.19,36.89,0.4439556379608787,0.642002071257774,0.11417185957478365,0.40920364719947183,0.6588205564480567,0.8868544154304616
广西,西部,2018,6963.6,70618.1,19543.4,4960.0,919281,6.49,14039.52,14.24,35.63,0.46584246139531066,0.7539410830183974,0.12462095002493549,0.4105329836018771,0.7640345669555116,1.3032924462361586
广西,西部,2019,7821.7,75136.8,21437.1,4969.9,986515,6.72,15738.14,15.12,36.49,0.5245516929960796,0.802943138009749,0.13750507724557132,0.41141623396320676,1.046260707675883,1.485590994035285
广西,西部,2020,3097.6,32576.3,21586.1,4979.8,1013567,2.2,6220.33,6.54,14.35,0.2013396186397192,0.341405093559039,0.13851882544004496,0.4122994843245365,-0.5074795456478643,-0.23143322611757267
广西,西部,2021,3942.5,42863.7,24417.4,4969.9,1143670,2.55,7932.76,8.62,16.15,0.2591457365507899,0.45296455546578895,0.15778208223879148,0.41141623396320676,-0.2295948395592476,0.18359279477975002
广西,西部,2022,2437.6,27921.0,26761.4,4960.0,1210207,1.69,4914.52,5.63,9.11,0.15618393415480186,0.2909217097094275,0.1737299061840681,0.4105329836018771,-0.7245512772356109,-0.41924264687338136
广西,西部,2023,5871.9,63488.6,26571.9,4940.2,1260582,3.9,11885.96,12.85,22.1,0.3911508541950315,0.6766267777844048,0.17244060898371405,0.40876648287921774,0.4049781891155979,1.0156660279003824
广西,西部,2024,7376.3,76736.4,27640.2,4925.3,1349084,4.26,14976.35,15.58,26.69,0.49407844773913695,0.8202896507599129,0.17970897942771535,0.40743714647681245,0.8997701785104555,1.5501238811619986
重庆,西部,2015,3725.2,40976.7,17093.3,3077.1,688858,6.0,12106.2,13.32,21.79,0.24427856952264965,0.4325013962012481,0.1079512557210437,0.24254590225362666,-0.3010640627016981,0.10746528914827383
重庆,西部,2016,4371.9,48777.1,17798.1,3099.0,746395,6.28,14107.45,15.74,24.56,0.2885242985474921,0.5170911299199149,0.11274648879127877,0.2444997591135378,-0.08836665540200778,0.4221579202705668
重庆,西部,2017,4493.9,56444.2,20573.4,3114.6,832036,6.49,14428.5,18.12,21.84,0.2968712584068253,0.6002353209094013,0.13162873955720297,0.24589154756169368,-0.04824127471457585,0.7314728107989669
重庆,西部,2018,4757.3,59128.5,21510.5,3124.0,919281,6.49,15228.23,18.93,22.12,0.3148924815785333,0.6293446258451761,0.13800446729573485,0.24673018931891583,0.038390079982715895,0.839765902143202
重庆,西部,2019,5671.7,64342.2,23883.3,3130.2,986515,6.72,18119.29,20.56,23.75,0.37745362990127324,0.6858834565062978,0.1541482372007487,0.24728333600984956,0.3391330972006482,1.0501029324086113
重庆,西部,2020,2157.1,28478.2,24407.7,3136.5,1013567,2.2,6877.41,9.08,8.84,0.13699276824871204,0.2969641433830905,0.1577160865509633,0.24784540442160483,-0.8168067631604031,-0.39676344913206785
重庆,西部,2021,2734.0,36078.9,26890.8,3130.2,1143670,2.55,8734.27,11.53,10.17,0.17646294155075565,0.3793882740783716,0.17461030226705393,0.24728333600984956,-0.6270663359589319,-0.09012734311555431
重庆,西部,2022,1653.2,22185.1,29060.2,3124.0,1210207,1.69,5291.93,7.1,5.69,0.10251708732151532,0.2287199952285161,0.1893702038314239,0.24673018931891583,-0.9825377412620174,-0.6506468649717303
重庆,西部,2023,4563.2,54869.3,30895.2,3111.5,1260582,3.9,14665.6,17.63,14.77,0.30161260527774164,0.5831566619132565,0.20185495508551204,0.24561497421622683,-0.025448742897862406,0.6679363992361628
重庆,西部,2024,5284.5,61347.9,32072.2,3102.1,1349084,4.26,17035.23,19.78,16.48,0.35096229500345505,0.6534124242933594,0.20986288545393808,0.24477633245900468,0.21178434800250365,0.929303467590207
四川,西部,2015,6711.5,50665.5,33083.7,8249.4,688858,6.0,8135.74,6.14,20.29,0.4485943582761475,0.5375694711786108,0.21674480692179102,0.7040040683046945,0.6811197434202525,0.49834190629837805
四川,西部,2016,8115.0,55575.4,35710.6,8308.0,746395,6.28,9767.69,6.69,22.72,0.5446186055103618,0.5908138091081121,0.23461739170073612,0.7092321967061006,1.1427260696072257,0.6964226905591014
四川,西部,2017,8930.7,60036.1,40300.2,8349.9,832036,6.49,10695.58,7.19,22.16,0.6004269264714939,0.639186895770188,0.26584355756218736,0.7129703977303141,1.4110069960558997,0.8763813362243508
四川,西部,2018,10200.3,65193.6,42983.9,8375.0,919281,6.49,12179.46,7.78,23.73,0.687290043171571,0.6951162778088045,0.2841025913172808,0.7152097496565137,1.8285740724556008,1.084451082008314
四川,西部,2019,11566.9,76880.6,46210.1,8391.8,986515,6.72,13783.57,9.16,25.03,0.780789677136856,0.8218533961578711,0.3060526210153403,0.7167085987545276,2.278044115467441,1.5559413619844997
四川,西部,2020,4144.9,33345.9,47434.4,8408.5,1013567,2.2,4929.42,3.97,8.74,0.2729934797928312,0.349750852631636,0.31438236540791803,0.7181985261317203,-0.1630261752056721,-0.20038514538944113
四川,西部,2021,5253.1,43796.7,54896.7,8391.8,1143670,2.55,6259.8,5.22,9.57,0.34881397910523326,0.46308227014189735,0.36515346038523794,0.7167085987545276,0.20145699592393523,0.2212329446229759
四川,西部,2022,3538.7,27340.4,58897.5,8375.0,1210207,1.69,4225.31,3.26,6.01,0.23151866777047225,0.2846255198477463,0.39237361995872894,0.7152097496565137,-0.3624032717033871,-0.4426658740962934
四川,西部,2023,8882.5,63732.8,59019.3,8341.5,1260582,3.9,10648.56,7.64,15.05,0.5971291931500196,0.6792749513362866,0.39320230808011747,0.7122209731813072,1.3951541817187338,1.025517822746809
四川,西部,2024,9555.6,71266.3,63205.8,8316.4,1349084,4.26,11490.07,8.57,15.12,0.6431811495542588,0.760970346312131,0.42168591087316387,0.7099816212551077,1.6165344582819343,1.3294428697392444
贵州,西部,2015,5533.7,57973.1,11706.6,3568.7,688858,6.0,15506.21,16.24,47.27,0.3680119867816996,0.6168151429547414,0.07130187720311636,0.2864050818121799,0.2937453715050285,0.7931534379107655
贵州,西部,2016,6176.4,62015.7,12865.5,3594.0,746395,6.28,17185.31,17.26,48.01,0.41198404499148195,0.6606542355052621,0.07918666097879089,0.28866227718002246,0.5051271925526719,0.956244616641982
贵州,西部,2017,7311.3,67379.8,13850.2,3612.1,832036,6.49,20241.13,18.65,52.79,0.48963129699441027,0.7188240461098852,0.08588624384522175,0.29027710864871614,0.8783919019146925,1.1726492551993757
贵州,西部,2018,7296.7,76793.6,15621.6,3623.0,919281,6.49,20139.94,21.2,46.71,0.48863239851944085,0.8209099436639574,0.09793828110489028,0.291249576218261,0.8735900120947211,1.5524315087836844
贵州,西部,2019,8642.5,87675.4,16698.3,3630.2,986515,6.72,23807.23,24.15,51.76,0.5807089442464133,0.93891524651763,0.10526380245381492,0.2918919401174098,1.316219006595917,1.9914374922392206
贵州,西部,2020,3289.4,36305.0,16809.5,3637.5,1013567,2.2,9043.02,9.98,19.57,0.21446213422185123,0.38184016613439314,0.10602037157613352,0.29254322573738023,-0.4443971848622131,-0.08100575910745858
贵州,西部,2021,3925.1,45059.5,18832.4,3630.2,1143670,2.55,10812.35,12.41,20.84,0.2579552685052784,0.4767764288696463,0.11978353414392369,0.2918919401174098,-0.23531763975565184,0.27217826211710855
贵州,西部,2022,2579.9,31112.7,20852.7,3623.0,1210207,1.69,7120.89,8.59,12.37,0.16591977340056513,0.32553340309821127,0.13352900714590424,0.291249576218261,-0.6777492963190406,-0.29047944617174776
贵州,西部,2023,6719.6,70925.5,21277.0,3608.5,1260582,3.9,18621.59,19.66,31.58,0.44914854167664425,0.7572746151635589,0.13641580821244897,0.2899559266991417,0.6837838055806478,1.3156939275457058
贵州,西部,2024,7997.8,82751.8,22462.8,3597.6,1349084,4.26,22230.93,23.0,35.6,0.5366000506291008,0.8855223419310412,0.14448361095746134,0.2889834591295969,1.10417939242225,1.7928040069572198
云南,西部,2015,5822.8,54178.2,16542.2,4785.1,688858,6.0,12168.61,11.32,35.2,0.3877915449401687,0.5756621789414896,0.10420174813732275,0.3949288938850526,0.3888293678717218,0.6400552550168127
云南,西部,2016,6912.5,59639.1,17988.7,4819.1,746395,6.28,14343.96,12.38,38.43,0.46234631673291776,0.6348817159991107,0.11404327003870614,0.39796227896436664,0.7472279525856117,0.8603651095493662
云南,西部,2017,6949.6,67348.8,19187.3,4843.4,832036,6.49,14348.6,13.91,36.22,0.4648846135426003,0.7184878733821688,0.12219815987693505,0.400130257123994,0.7594300150733473,1.1713986178519586
云南,西部,2018,6912.5,72892.3,20835.2,4858.0,919281,6.49,14229.11,15.0,33.18,0.46234631673291776,0.7786031480949308,0.13340994276064727,0.40143282836393485,0.7472279525856117,1.3950408157682748
云南,西部,2019,9193.1,81675.9,23270.0,4867.7,986515,6.72,18885.92,16.78,39.51,0.6183797319394367,0.8738549794229756,0.14997554077342864,0.40229823528362146,1.4973094541901795,1.7493988223738037
云南,西部,2020,3794.6,35809.1,24304.5,4877.4,1013567,2.2,7779.96,7.34,15.61,0.24902675816394249,0.37646248691908535,0.15701394686190506,0.40316364220330814,-0.2782386412286835,-0.10101192235210572
云南,西部,2021,4605.1,45175.0,27891.5,4867.7,1143670,2.55,9460.53,9.28,16.51,0.30447930706549625,0.4780289433874282,0.18141874400000546,0.40229823528362146,-0.011667976907670439,0.27683789481474264
云南,西部,2022,2926.5,29866.0,28783.1,4858.0,1210207,1.69,6024.08,6.15,10.17,0.18963334952552321,0.31201383730324406,0.1874849043368692,0.40143282836393485,-0.5637537475791725,-0.3407752391080283
云南,西部,2023,7114.3,64733.5,29455.0,4838.6,1260582,3.9,14703.22,13.38,24.15,0.4761530093527001,0.6901268238726014,0.19205629636282118,0.3997020145245615,0.8135992790013803,1.0658892031842322
云南,西部,2024,8260.6,72139.9,31191.5,4824.0,1349084,4.26,17123.96,14.95,26.48,0.5545802231785497,0.7704439106648086,0.20387088521989152,0.39839944328462074,1.1906134091817346,1.3646866370522581
西藏,西部,2015,344.5,2739.0,1226.7,358.5,688858,6.0,9609.48,7.64,28.08,0.012978838404225475,0.017841011988353243,0.0,0.0,-1.4129646732754777,-1.4351636043783274
西藏,西部,2016,429.4,2996.0,1319.6,361.1,746395,6.28,11891.44,8.3,32.54,0.018787501453876202,0.020627992343937234,0.0006320617937355796,0.0002319647413593154,-1.3850413550757814,-1.4247954173368387
西藏,西部,2017,429.4,2996.0,1439.4,362.9,832036,6.49,11832.46,8.26,29.83,0.018787501453876202,0.020627992343937234,0.0014471425568090206,0.0003925557161465283,-1.3850413550757814,-1.4247954173368387
西藏,西部,2018,534.1,3689.2,1624.9,364.0,919281,6.49,14673.08,10.14,32.87,0.025950835038074452,0.02814524830693654,0.002709225040532919,0.0004906946451831629,-1.3506058849284523,-1.3968295525229864
西藏,西部,2019,595.0,4040.9,1698.4,364.7,986515,6.72,16314.78,11.08,35.03,0.030117473197364547,0.03195918212428631,0.0032092954586122,0.0005531466909337462,-1.3305760842410377,-1.38264087010084
西藏,西部,2020,221.3,1665.8,1751.6,365.5,1013567,2.2,6054.72,4.56,12.63,0.004549777300374245,0.006202929040443748,0.003571251189793392,0.0006245204575058437,-1.4534847298385238,-1.478459862483097
西藏,西部,2021,260.1,2185.5,1925.4,364.7,1143670,2.55,7131.89,5.99,13.51,0.007204384206457263,0.011838702156385385,0.004753730627374059,0.0005531466909337462,-1.4407235431936682,-1.4574935325007556
西藏,西部,2022,173.0,1416.0,2099.5,364.0,1210207,1.69,4752.75,3.89,8.24,0.0012452022085234766,0.0034940275119422657,0.005938251168701988,0.0004906946451831629,-1.4693704338319906,-1.4885375789148632
西藏,西部,2023,446.6,3231.0,2172.3,362.5,1260582,3.9,12320.0,8.91,20.56,0.019964285958634656,0.023176398505658002,0.00643355901137099,0.0003568688328604821,-1.3793843341919794,-1.4153147793806133
西藏,西部,2024,514.6,4012.7,2261.5,361.5,1349084,4.26,14235.13,11.1,22.75,0.02461668981465644,0.031653373384879814,0.007040447192223667,0.0002676516246453616,-1.3570193679071811,-1.383778546655587
陕西,西部,2015,4420.1,45165.9,17706.8,3817.9,688858,6.0,11577.31,11.83,24.96,0.29182203186896644,0.47793026042542114,0.11212531288419525,0.30863801009938796,-0.07251384106484181,0.2764707722385655
陕西,西部,2016,5025.9,49520.1,19092.0,3845.0,746395,6.28,13071.26,12.88,26.32,0.3332694768098193,0.5251484311035682,0.12154976925322138,0.31105579644201775,0.1267316968076683,0.4521328734683341
陕西,西部,2017,6084.1,58138.2,21903.7,3864.4,832036,6.49,15743.97,15.04,27.78,0.4056690909339701,0.6186055338368694,0.14067967394048006,0.3127866102813911,0.4747700397866888,0.7998140903642666
陕西,西部,2018,6608.6,64093.6,24216.2,3876.0,919281,6.49,17050.05,16.54,27.29,0.44155417655872636,0.6831875681156434,0.15641318199229418,0.31382152989668644,0.6472762870863449,1.0400736277451323
陕西,西部,2019,7202.9,66247.9,26457.1,3883.8,986515,6.72,18546.01,17.06,27.22,0.4822148179062814,0.7065494038356223,0.1716595466164283,0.31451742412076444,0.84273951448422,1.1269848547625614
陕西,西部,2020,2759.8,30686.6,27082.7,3891.5,1013567,2.2,7091.87,7.89,10.19,0.17822811830789334,0.3209126547343422,0.17591592829738611,0.31520439662402083,-0.6185808046332291,-0.3076696582276949
陕西,西部,2021,3461.3,39289.6,29822.7,3883.8,1143670,2.55,8912.15,10.12,11.61,0.22622313749905926,0.41420600881640085,0.19455800918904909,0.31451742412076444,-0.38785986568049546,0.03940237725062499
陕西,西部,2022,2144.7,26000.8,30852.9,3876.0,1210207,1.69,5533.28,6.71,6.95,0.1361443887220257,0.270098520297784,0.20156715945714807,0.31382152989668644,-0.8208850805417487,-0.49670954476080087
陕西,西部,2023,5403.2,60609.6,32748.0,3860.5,1260582,3.9,13996.11,15.7,16.5,0.35908347644036365,0.6454060912329406,0.21446081182860444,0.3124386631693521,0.2508243700319968,0.8995181271515641
陕西,西部,2024,6481.6,66928.0,35425.2,3848.9,1349084,4.26,16840.14,17.39,18.3,0.432865128180568,0.7139245997104576,0.23267562166917385,0.3114037435540567,0.6055064235838543,1.1544222244392797
甘肃,西部,2015,1832.0,18213.2,6136.0,2607.3,688858,6.0,7026.43,6.99,29.86,0.114750172754702,0.18564759338281941,0.033401302088117174,0.20063165783416306,-0.9237310357955189,-0.8108857836880313
甘肃,西部,2016,2057.5,21467.7,6802.0,2625.8,746395,6.28,7835.71,8.18,30.25,0.13017836495371543,0.22094030765226727,0.03793255240703963,0.2022821761861428,-0.8495648608363721,-0.6795890337793724
甘肃,西部,2017,2406.1,22105.5,7186.9,2647.0,832036,6.49,9089.91,8.35,33.48,0.15402877648620356,0.22785679041799284,0.04055128851477725,0.20417358100030333,-0.7349115189704806,-0.6538581789347749
甘肃,西部,2018,2622.9,23730.9,8061.7,2647.0,919281,6.49,9908.95,8.97,32.54,0.16886173466246124,0.24548308563186919,0.04650314704179433,0.20417358100030333,-0.6636067441095359,-0.5882844387898881
甘肃,西部,2019,2934.1,26436.1,8586.7,2652.3,986515,6.72,11062.47,9.97,34.17,0.1901533240741374,0.27481903605181396,0.05007507859950348,0.2046464322038435,-0.5612541337002833,-0.47914817581465274
甘肃,西部,2020,1152.4,12330.8,8796.7,2657.6,1013567,2.2,4336.24,4.64,13.1,0.06825350127599018,0.12185719165640978,0.05150385122258714,0.2051192834073836,-1.1472491400182954,-1.0482002718314312
甘肃,西部,2021,1419.7,15274.2,10040.8,2652.3,1143670,2.55,5352.71,5.76,14.14,0.0865415534923817,0.15377624993900094,0.05996830846248417,0.2046464322038435,-1.0593350887252582,-0.9294542728512049
甘肃,西部,2022,907.7,10044.4,10999.7,2647.0,1210207,1.69,3429.17,3.79,8.25,0.05151168916468826,0.09706282634509758,0.06649235640665047,0.20417358100030333,-1.2277301289872675,-1.1404408276744662
甘肃,西部,2023,2362.4,24376.7,11549.2,2636.4,1260582,3.9,8960.7,9.25,20.46,0.15103892283167192,0.25248632264990867,0.07023097810371938,0.20322787859322305,-0.7492842987740934,-0.5622308388233765
甘肃,西部,2024,2606.7,24595.9,11841.8,2628.5,1349084,4.26,9917.06,9.36,22.01,0.1677533678614678,0.2548633891633095,0.07222173462521593,0.2025230626483236,-0.6689348684303261,-0.5533876224829316
青海,西部,2015,393.6,1958.5,2030.5,598.9,688858,6.0,6572.05,3.27,19.38,0.016338147659088267,0.009377050246978512,0.005468797306831643,0.021447816854914974,-1.3968158520316014,-1.4666514253350666
青海,西部,2016,456.4,2172.6,2179.3,603.1,746395,6.28,7567.57,3.6,20.94,0.02063477945553191,0.011698810924529223,0.006481184765473779,0.021822529129418483,-1.3761611478744646,-1.458013959009842
青海,西部,2017,506.3,2520.9,2498.6,606.2,832036,6.49,8352.03,4.16,20.26,0.024048822873406723,0.015475874184645582,0.008653599520476693,0.02209910247488536,-1.3597492093801786,-1.443962443264509
青海,西部,2018,532.3,2172.6,2768.4,608.0,919281,6.49,8754.93,3.57,19.23,0.0258276831712974,0.011698810924529223,0.010489232157181318,0.02225969344967257,-1.3511978987418736,-1.458013959009842
青海,西部,2019,602.8,3025.1,2924.9,609.2,986515,6.72,9894.94,4.97,20.61,0.03065113128673175,0.020943560936729038,0.01155400794533652,0.02236675409953072,-1.328010691049546,-1.4236214319558762
青海,西部,2020,230.9,1320.6,3097.9,610.4,1013567,2.2,3782.77,2.16,7.45,0.005206587256518496,0.002459483053099024,0.012731044439591154,0.022473814749388858,-1.4503273228336113,-1.4923863144936882
青海,西部,2021,320.0,1651.5,3346.2,609.2,1143670,2.55,5252.79,2.71,9.56,0.011302604661982334,0.0060478558144326545,0.014420397974408642,0.02236675409953072,-1.4210226390692653,-1.4790367693885185
青海,西部,2022,185.4,1093.8,3608.8,608.0,1210207,1.69,3049.34,1.8,5.14,0.0020935817352098025,0.0,0.016207044121178973,0.02225969344967257,-1.4652921164506454,-1.5015361386999513
青海,西部,2023,456.4,2373.6,3745.6,605.6,1260582,3.9,7536.33,3.92,12.18,0.02063477945553191,0.013878511513915923,0.017137787429930607,0.022045572149956286,-1.3761611478744646,-1.4499049878217516
青海,西部,2024,561.4,2922.3,4052.2,603.7,1349084,4.26,9299.32,4.84,13.85,0.027818638350859664,0.019828768794495445,0.019223795459632754,0.02187605945434756,-1.341627008758232,-1.4277687067724716
宁夏,西部,2015,322.9,2657.9,2573.6,684.6,688858,6.0,4716.62,3.88,12.55,0.011501016002900908,0.016961540755521098,0.009163875457292286,0.029093731598950807,-1.4200688390365315,-1.438435433051731
宁夏,西部,2016,351.2,3023.6,2804.1,689.4,746395,6.28,5094.28,4.39,12.52,0.013437237019451152,0.020927294514420183,0.01073212350310554,0.029521974198383382,-1.4107610663032992,-1.4236819466662352
宁夏,西部,2017,423.9,3162.9,3135.2,692.9,832036,6.49,6117.77,4.56,13.52,0.01841120408316856,0.022437902932835947,0.01298482167216744,0.029834234427136303,-1.386850286172346,-1.4180621472309067
宁夏,西部,2018,463.8,3492.7,3495.1,695.0,919281,6.49,6673.38,5.03,13.27,0.021141070463393107,0.026014346984476407,0.01543346580096653,0.030021590564388058,-1.3737273133081775,-1.4047569795800003
宁夏,西部,2019,485.6,3868.8,3724.6,696.4,986515,6.72,6973.0,5.56,13.04,0.02263257640547068,0.030092881271383567,0.01699491016762224,0.030146494655889224,-1.3665573682345216,-1.3895839245360158
宁夏,西部,2020,184.1,1775.3,3931.5,697.8,1013567,2.2,2638.29,2.54,4.68,0.0020046387203152675,0.007390377868990235,0.018402591385317527,0.03027139874739039,-1.4657196819825604,-1.4740422886268985
宁夏,西部,2021,249.5,2261.4,3724.6,696.4,1143670,2.55,3582.71,3.25,6.7,0.006479156546547984,0.012661783125213499,0.01699491016762224,0.030146494655889224,-1.444209846761593,-1.454431488156596
宁夏,西部,2022,154.8,1421.4,4518.4,695.0,1210207,1.69,2227.34,2.05,3.43,0.0,0.003552586632254148,0.022395670682878475,0.030021590564388058,-1.4753563512788044,-1.4883197259575711
宁夏,西部,2023,404.1,3107.8,4835.1,692.2,1260582,3.9,5837.91,4.49,8.36,0.017056533548621043,0.02184038302002397,0.024550395872071785,0.029771782381385725,-1.393362438119978,-1.4202850542580896
宁夏,西部,2024,470.1,3624.7,4968.0,690.1,1349084,4.26,6812.06,5.25,9.46,0.021572101997112774,0.027445792147655735,0.025454604832109016,0.02958442624413397,-1.3716552649612035,-1.3994316850684185
新疆,西部,2015,2181.9,13547.4,9434.4,2485.2,688858,6.0,8779.58,5.45,23.13,0.1386895273020847,0.1350503445770459,0.05584255742135117,0.18973823671109682,-0.808650128397712,-0.9991188074163522
新疆,西部,2016,2458.8,15618.8,10109.1,2502.8,746395,6.28,9824.2,6.24,24.32,0.15763438947462044,0.1575131893574221,0.06043299974894424,0.19130845957568296,-0.717578670099762,-0.9155520267247572
新疆,西部,2017,2768.1,17464.3,11495.1,2515.4,832036,6.49,11004.61,6.94,24.08,0.17879598524914306,0.17752631093808457,0.06986289906129639,0.19243259639919347,-0.6158509631602317,-0.8410987614132102
新疆,西部,2018,3288.2,18650.3,12524.9,2523.0,919281,6.49,13032.9,7.39,26.25,0.21438003297733318,0.19038762884362004,0.07686932785773234,0.19311064718162838,-0.4447918607378272,-0.7932517970894525
新疆,西部,2019,3423.8,21622.1,13551.8,2528.0,986515,6.72,13543.51,8.55,25.26,0.22365747360787078,0.2226146647219255,0.08385602598461143,0.193556733222704,-0.4001934867934356,-0.6733600529264314
新疆,西部,2020,1425.9,9560.9,14495.4,2533.1,1013567,2.2,5629.07,3.77,9.84,0.08696574325572486,0.09181961622087632,0.09027597763766734,0.19401174098460108,-1.0572959300345852,-1.1599467359801465
新疆,西部,2021,1666.7,11938.2,15709.5,2528.0,1143670,2.55,6592.96,4.72,10.61,0.10344072632234318,0.11759972672410522,0.09853632450283815,0.193556733222704,-0.978097637661359,-1.064038988689363
新疆,西部,2022,1003.1,7680.1,16817.5,2523.0,1210207,1.69,3975.82,3.04,5.96,0.05803873810387175,0.07142369150187877,0.10607480100939384,0.19311064718162838,-1.1963533968759477,-1.2358241141421393
新疆,西部,2023,2736.7,18361.5,17293.5,2512.9,1260582,3.9,10890.6,7.31,15.83,0.17664766935092122,0.18725580033508832,0.10931335228838347,0.19220955337865567,-0.6261783152388003,-0.8049028959905496
新疆,西部,2024,3048.2,18923.4,18622.1,2505.3,1349084,4.26,12167.01,7.55,16.37,0.19795978407372689,0.19334920213198578,0.11835272041709274,0.19153150259622076,-0.5237270358606442,-0.7822340854901116
