省份,所属区域,年份,省份旅游收入_亿元,接待游客数量_万人次,省份GDP_亿元,常住人口_万人
北京,东部,2015,3866.1,21812.7,24608.2,2121.7
北京,东部,2016,4195.5,24219.2,26397.2,2136.8
北京,东部,2017,5074.8,26391.8,30561.3,2147.5
北京,东部,2018,5718.0,30126.5,32856.8,2154.0
北京,东部,2019,5795.3,32651.6,35068.0,2158.3
北京,东部,2020,2255.9,13802.8,36084.2,2162.6
北京,东部,2021,2999.0,17743.1,41442.2,2158.3
北京,东部,2022,1845.3,11258.5,43706.7,2154.0
北京,东部,2023,4848.7,27760.8,45570.1,2145.4
北京,东部,2024,5461.0,30704.9,48786.6,2138.9
天津,东部,2015,2710.5,16530.6,9905.8,1538.6
天津,东部,2016,2829.2,18300.9,10805.8,1549.5
天津,东部,2017,3201.1,19640.9,11548.6,1557.3
天津,东部,2018,3545.1,22326.9,13058.1,1562.0
天津,东部,2019,4188.4,24585.8,13971.3,1565.1
天津,东部,2020,1619.6,10850.7,14305.3,1568.2
天津,东部,2021,1960.2,13701.6,16260.8,1565.1
天津,东部,2022,1193.8,8879.2,17818.7,1562.0
天津,东部,2023,3105.7,20999.2,17710.0,1555.8
天津,东部,2024,3795.0,23444.9,19660.7,1551.1
河北,东部,2015,5382.6,49509.8,24737.8,7478.1
河北,东部,2016,6433.7,55380.9,26208.8,7531.3
河北,东部,2017,7435.6,62044.1,29392.6,7569.2
河北,东部,2018,8446.8,71642.8,32461.1,7592.0
河北,东部,2019,9531.5,78333.3,34265.4,7607.2
河北,东部,2020,3632.1,35030.9,36418.1,7622.4
河北,东部,2021,4409.5,41965.1,40315.2,7607.2
河北,东部,2022,2744.9,28213.6,43074.1,7592.0
河北,东部,2023,7471.8,66749.7,45288.5,7561.6
河北,东部,2024,8360.1,73798.7,48434.8,7538.9
辽宁,东部,2015,3838.9,35235.7,17545.1,4286.7
辽宁,东部,2016,4255.3,41237.0,18935.8,4317.2
辽宁,东部,2017,4777.7,43699.9,20758.6,4338.9
辽宁,东部,2018,5413.9,49951.3,22538.9,4352.0
辽宁,东部,2019,5739.8,52487.5,24944.9,4360.7
辽宁,东部,2020,2200.6,23613.6,25320.5,4369.4
辽宁,东部,2021,2792.4,28591.2,29011.4,4360.7
辽宁,东部,2022,1766.1,19242.3,30569.2,4352.0
辽宁,东部,2023,4824.6,46503.5,32848.4,4334.6
辽宁,东部,2024,5345.5,48897.7,33900.0,4321.5
上海,东部,2015,3172.4,23482.1,26864.5,2391.6
上海,东部,2016,3768.5,25367.2,28296.8,2408.6
上海,东部,2017,4286.0,30009.1,30807.7,2420.7
上海,东部,2018,4988.0,32362.8,35743.2,2428.0
上海,东部,2019,5506.4,34411.5,37534.6,2432.9
上海,东部,2020,2058.4,15357.4,38874.8,2437.7
上海,东部,2021,2699.5,19804.5,43691.6,2432.9
上海,东部,2022,1128.0,9595.3,46672.9,2428.0
上海,东部,2023,4079.6,32051.4,49793.9,2418.3
上海,东部,2024,4684.7,37385.4,52340.8,2411.0
江苏,东部,2015,8745.7,52296.7,68661.9,7948.9
江苏,东部,2016,9647.2,58671.1,76054.1,8005.4
江苏,东部,2017,10702.1,71011.0,83265.0,8045.8
江苏,东部,2018,12510.4,72028.3,90561.5,8070.0
江苏,东部,2019,14273.1,83652.6,97085.5,8086.1
江苏,东部,2020,5770.2,34931.4,102715.2,8102.3
江苏,东部,2021,6895.3,45714.9,119151.2,8086.1
江苏,东部,2022,4437.6,29715.2,122609.7,8070.0
江苏,东部,2023,10959.1,68221.9,127007.7,8037.7
江苏,东部,2024,12404.8,77832.7,137025.6,8013.5
浙江,东部,2015,7717.3,50671.4,43834.4,5762.2
浙江,东部,2016,8464.5,53366.0,48503.5,5803.2
浙江,东部,2017,9402.8,59027.6,52682.9,5832.4
浙江,东部,2018,11093.5,68961.5,58847.8,5850.0
浙江,东部,2019,12180.1,70575.6,59795.4,5861.7
浙江,东部,2020,4805.1,31257.8,63998.0,5873.4
浙江,东部,2021,5796.9,40552.8,71065.6,5861.7
浙江,东部,2022,3445.7,25968.9,74622.7,5850.0
浙江,东部,2023,8911.8,61310.6,78274.1,5826.6
浙江,东部,2024,11487.5,69373.2,84696.6,5809.1
福建,东部,2015,5141.2,30811.7,28737.9,3913.4
福建,东部,2016,5406.8,34796.3,31697.1,3941.2
福建,东部,2017,6446.4,38649.7,35981.6,3961.1
福建,东部,2018,7086.8,41151.3,40456.4,3973.0
福建,东部,2019,8007.1,47127.6,41776.8,3980.9
福建,东部,2020,3186.0,20821.6,42986.8,3988.9
福建,东部,2021,3961.2,27549.6,47037.8,3980.9
福建,东部,2022,2543.7,17872.7,51836.8,3973.0
福建,东部,2023,6283.8,38469.4,53021.3,3957.1
福建,东部,2024,7151.9,44498.0,57361.3,3945.2
山东,东部,2015,5943.4,61354.6,49390.4,9919.0
山东,东部,2016,6956.0,69797.9,53483.6,9989.4
山东,东部,2017,7438.5,80879.7,60217.1,10039.8
山东,东部,2018,8417.7,82551.4,65485.7,10070.0
山东,东部,2019,10713.0,93308.3,71738.2,10090.1
山东,东部,2020,3617.9,42324.5,74494.1,10110.3
山东,东部,2021,4601.9,51898.2,82645.2,10090.1
山东,东部,2022,3183.3,33458.1,87792.4,10070.0
山东,东部,2023,8567.3,78643.0,90907.2,10029.7
山东,东部,2024,8652.9,86067.3,97185.7,9999.5
广东,东部,2015,8392.6,35149.1,74807.8,11348.2
广东,东部,2016,9908.6,36567.9,81712.4,11428.8
广东,东部,2017,11092.1,44139.9,93482.2,11486.4
广东,东部,2018,13372.8,48160.2,95177.7,11521.0
广东,东部,2019,14770.9,50751.1,107161.0,11544.0
广东,东部,2020,5391.8,22773.2,111011.7,11567.1
广东,东部,2021,6540.5,28838.9,125561.9,11544.0
广东,东部,2022,4036.5,18929.7,131097.6,11521.0
广东,东部,2023,11375.3,43713.5,132748.1,11474.9
广东,东部,2024,12786.5,49981.8,148206.0,11440.4
海南,东部,2015,684.8,5671.5,3765.3,930.8
海南,东部,2016,695.5,6180.9,4001.5,937.4
海南,东部,2017,860.0,7144.6,4582.5,942.2
海南,东部,2018,923.8,7610.4,5021.2,945.0
海南,东部,2019,1047.7,8506.2,5502.3,946.9
海南,东部,2020,384.3,3619.5,5534.2,948.8
海南,东部,2021,498.1,4532.5,5961.2,946.9
海南,东部,2022,285.4,2600.4,6503.8,945.0
海南,东部,2023,835.7,7179.0,6624.8,99999.9
海南,东部,2024,1007.9,7646.3,7184.8,938.4
山西,中部,2015,4079.4,43024.3,11977.5,3673.1
山西,中部,2016,4508.4,51919.8,13100.8,3699.2
山西,中部,2017,4886.0,57383.7,14196.6,3717.8
山西,中部,2018,5408.1,64136.6,16124.0,3729.0
山西,中部,2019,6307.2,73394.0,17390.9,3736.5
山西,中部,2020,2292.1,28893.6,17575.0,3743.9
山西,中部,2021,2953.0,37473.5,19831.9,3736.5
山西,中部,2022,1910.6,25646.7,21000.0,3729.0
山西,中部,2023,5112.7,56010.1,21381.4,3714.1
山西,中部,2024,5823.0,69810.0,23215.7,3702.9
吉林,中部,2015,2997.4,15845.4,8206.6,2650.6
吉林,中部,2016,3476.0,18343.3,9105.0,2669.5
吉林,中部,2017,4031.8,20136.6,9573.6,2682.9
吉林,中部,2018,4199.4,22268.5,10653.7,2691.0
吉林,中部,2019,4878.6,24399.0,11351.4,2696.4
吉林,中部,2020,1958.5,11297.4,11857.0,2701.8
吉林,中部,2021,2290.8,12999.5,13714.6,2696.4
吉林,中部,2022,1142.2,6767.2,14536.3,2691.0
吉林,中部,2023,3849.1,21130.3,15067.6,2680.2
吉林,中部,2024,4565.6,22605.3,15583.6,2672.2
黑龙江,中部,2015,2035.0,15754.6,9224.2,3694.7
黑龙江,中部,2016,2524.8,17744.1,9818.9,3721.0
黑龙江,中部,2017,2814.7,20115.3,11325.5,3739.7
黑龙江,中部,2018,3255.5,21463.4,12874.7,3751.0
黑龙江,中部,2019,3688.4,24375.2,13535.4,3758.5
黑龙江,中部,2020,1374.6,10475.8,14041.3,3766.0
黑龙江,中部,2021,1774.0,13033.9,16125.3,3758.5
黑龙江,中部,2022,1088.7,8855.0,17142.5,3751.0
黑龙江,中部,2023,2860.1,18954.6,17370.6,3736.0
黑龙江,中部,2024,3177.6,22028.5,19119.7,3724.7
安徽,中部,2015,5244.4,54988.2,25818.6,6270.5
安徽,中部,2016,5775.6,64110.2,28265.0,6315.1
安徽,中部,2017,6616.9,70071.3,31528.5,6346.9
安徽,中部,2018,7173.0,73555.0,35496.3,6366.0
安徽,中部,2019,8235.8,88395.0,36859.6,6378.7
安徽,中部,2020,3189.5,37153.2,37004.6,6391.5
安徽,中部,2021,4194.8,46119.3,43944.6,6378.7
安徽,中部,2022,2703.6,29966.4,45225.9,6366.0
安徽,中部,2023,6309.3,70822.0,48481.4,6340.5
安徽,中部,2024,7798.3,83184.3,51142.5,6321.4
江西,中部,2015,5815.7,52631.0,17408.7,4596.0
江西,中部,2016,6731.2,56613.3,18579.4,4628.7
江西,中部,2017,8068.2,61540.4,20762.1,4652.0
江西,中部,2018,9069.6,67048.8,23155.0,4666.0
江西,中部,2019,9523.1,76351.8,25064.6,4675.3
江西,中部,2020,3630.2,34281.7,25263.8,4684.7
江西,中部,2021,4731.8,42676.3,29312.6,4675.3
江西,中部,2022,2765.6,30092.8,29677.0,4666.0
江西,中部,2023,7496.4,68561.8,31639.8,4647.3
江西,中部,2024,8589.7,73267.5,35615.5,4633.3
河南,中部,2015,5702.2,61334.0,38922.6,9495.4
河南,中部,2016,6763.0,66877.4,41787.3,9562.9
河南,中部,2017,7337.4,72987.8,45103.5,9611.1
河南,中部,2018,8354.4,82559.3,49039.2,9640.0
河南,中部,2019,9181.7,89166.6,51042.0,9659.3
河南,中部,2020,3475.1,40711.4,55139.7,9678.6
河南,中部,2021,4295.5,46355.1,65947.5,9659.3
河南,中部,2022,2801.6,32073.8,67138.4,9640.0
河南,中部,2023,6962.1,71084.8,68556.2,9601.4
河南,中部,2024,8520.0,82095.0,74889.4,9572.5
湖北,中部,2015,4069.8,46777.7,31770.1,5838.1
湖北,中部,2016,4849.0,52226.1,34020.8,5879.6
湖北,中部,2017,5584.4,62107.0,38304.6,5909.2
湖北,中部,2018,6211.2,65685.8,43088.8,5927.0
湖北,中部,2019,7193.7,76074.4,44392.9,5938.9
湖北,中部,2020,1133.5,14406.2,47684.0,5950.7
湖北,中部,2021,3223.7,39617.0,52555.9,5938.9
湖北,中部,2022,2049.4,26383.7,57507.7,5927.0
湖北,中部,2023,5631.6,61795.0,55754.9,5903.3
湖北,中部,2024,6696.2,72987.5,61683.9,5885.5
湖南,中部,2015,4687.5,55412.8,27719.6,6814.2
湖南,中部,2016,5506.0,62023.5,30277.5,6862.7
湖南,中部,2017,6495.3,68497.8,33561.1,6897.2
湖南,中部,2018,7163.8,79700.9,36473.8,6918.0
湖南,中部,2019,8028.2,82783.1,40467.7,6931.8
湖南,中部,2020,3060.9,36183.6,41445.2,6945.7
湖南,中部,2021,3915.7,44212.4,45937.3,6931.8
湖南,中部,2022,2344.2,28954.7,48127.0,6918.0
湖南,中部,2023,6474.3,67117.1,51352.3,6890.3
湖南,中部,2024,7500.5,77151.5,54565.2,6869.6
内蒙古,西部,2015,2627.2,12245.7,11726.0,2501.9
内蒙古,西部,2016,3142.5,14190.1,13088.2,2519.7
内蒙古,西部,2017,3610.3,16215.8,15046.3,2532.4
内蒙古,西部,2018,3878.9,17517.8,15509.2,2540.0
内蒙古,西部,2019,4529.9,20428.6,16772.0,2545.1
内蒙古,,2020,1622.9,9327.3,17534.8,2550.2
内蒙古,西部,2021,2261.0,10515.2,19747.3,2545.1
内蒙古,西部,2022,1409.0,7019.1,21458.4,2540.0
内蒙古,西部,2023,3479.0,16918.7,22101.1,2529.8
内蒙古,西部,2024,4124.3,20023.2,22703.2,2522.2
广西,西部,2015,5008.8,49243.1,14699.1,4885.6
广西,西部,2016,5486.8,56994.5,16078.2,4920.3
广西,西部,2017,6643.7,60295.7,18007.6,4945.1
广西,西部,2018,6963.6,70618.1,19543.4,4960.0
广西,西部,2019,7821.7,75136.8,21437.1,4969.9
广西,西部,2020,3097.6,32576.3,21586.1,4979.8
广西,西部,2021,3942.5,42863.7,24417.4,4969.9
广西,西部,2022,2437.6,27921.0,26761.4,4960.0
广西,西部,2023,5871.9,63488.6,26571.9,4940.2
广西,西部,2024,7376.3,76736.4,27640.2,4925.3
重庆,西部,2015,3725.2,40976.7,17093.3,3077.1
重庆,西部,2016,4371.9,48777.1,17798.1,3099.0
重庆,西部,2017,4493.9,56444.2,20573.4,3114.6
重庆,西部,2018,4757.3,59128.5,21510.5,3124.0
重庆,西部,2019,5671.7,64342.2,23883.3,3130.2
重庆,西部,2020,2157.1,28478.2,24407.7,3136.5
重庆,西部,2021,2734.0,36078.9,26890.8,3130.2
重庆,西部,2022,1653.2,22185.1,29060.2,3124.0
重庆,西部,2023,4563.2,54869.3,30895.2,3111.5
重庆,西部,2024,5284.5,61347.9,32072.2,3102.1
四川,西部,2015,6711.5,50665.5,33083.7,8249.4
四川,西部,2016,8115.0,55575.4,35710.6,8308.0
四川,西部,2017,8930.7,60036.1,40300.2,8349.9
四川,西部,2018,10200.3,65193.6,42983.9,8375.0
四川,西部,2019,11566.9,76880.6,46210.1,8391.8
四川,西部,2020,4144.9,33345.9,47434.4,8408.5
四川,西部,2021,5253.1,43796.7,54896.7,8391.8
四川,西部,2022,3538.7,27340.4,58897.5,8375.0
四川,西部,2023,8882.5,63732.8,59019.3,8341.5
四川,西部,2024,9555.6,71266.3,63205.8,8316.4
贵州,西部,2015,5533.7,57973.1,11706.6,3568.7
贵州,西部,2016,6176.4,62015.7,12865.5,3594.0
贵州,西部,2017,7311.3,67379.8,13850.2,3612.1
贵州,西部,2018,7296.7,76793.6,15621.6,3623.0
贵州,西部,2019,8642.5,87675.4,16698.3,3630.2
贵州,西部,2020,3289.4,36305.0,16809.5,3637.5
贵州,西部,2021,3925.1,45059.5,18832.4,3630.2
贵州,西部,2022,2579.9,31112.7,20852.7,3623.0
贵州,西部,2023,6719.6,70925.5,21277.0,3608.5
贵州,西部,2024,7997.8,82751.8,22462.8,3597.6
云南,西部,2015,5822.8,54178.2,16542.2,4785.1
云南,西部,2016,6912.5,59639.1,17988.7,4819.1
云南,西部,2017,6949.6,67348.8,19187.3,4843.4
云南,西部,2018,98500.0,72892.3,20835.2,4858.0
云南,西部,2019,9193.1,81675.9,23270.0,4867.7
云南,西部,2020,3794.6,35809.1,24304.5,4877.4
云南,西部,2021,4605.1,45175.0,27891.5,4867.7
云南,西部,2022,2926.5,29866.0,28783.1,4858.0
云南,西部,2023,7114.3,64733.5,29455.0,4838.6
云南,西部,2024,8260.6,72139.9,31191.5,4824.0
西藏,西部,2015,344.5,2739.0,1226.7,358.5
西藏,西部,2016,,2996.0,1319.6,361.1
西藏,西部,2017,429.4,999999.0,1439.4,362.9
西藏,西部,2018,534.1,3689.2,1624.9,364.0
西藏,西部,2019,595.0,4040.9,1698.4,364.7
西藏,西部,2020,221.3,1665.8,1751.6,365.5
西藏,西部,2021,260.1,2185.5,1925.4,364.7
西藏,西部,2022,173.0,1416.0,2099.5,364.0
西藏,西部,2023,446.6,3231.0,2172.3,362.5
西藏,西部,2024,514.6,4012.7,2261.5,361.5
陕西,西部,2015,4420.1,45165.9,17706.8,3817.9
陕西,西部,2016,5025.9,49520.1,19092.0,3845.0
陕西,西部,2017,6084.1,58138.2,21903.7,3864.4
陕西,西部,2018,6608.6,64093.6,24216.2,3876.0
陕西,西部,2019,7202.9,66247.9,26457.1,3883.8
陕西,西部,2020,2759.8,30686.6,27082.7,3891.5
陕西,西部,2021,3461.3,39289.6,29822.7,3883.8
陕西,西部,2022,2144.7,26000.8,30852.9,3876.0
陕西,西部,2023,5403.2,60609.6,32748.0,3860.5
陕西,西部,2024,6481.6,66928.0,35425.2,3848.9
甘肃,西部,2015,1832.0,18213.2,6136.0,2607.3
甘肃,西部,2016,2057.5,21467.7,6802.0,2625.8
甘肃,西部,2017,2406.1,22105.5,7186.9,
甘肃,西部,2018,2622.9,23730.9,8061.7,2647.0
甘肃,西部,2019,2934.1,26436.1,8586.7,2652.3
甘肃,西部,2020,1152.4,12330.8,8796.7,2657.6
甘肃,西部,2021,1419.7,15274.2,10040.8,2652.3
甘肃,西部,2022,907.7,10044.4,10999.7,2647.0
甘肃,西部,2023,2362.4,24376.7,11549.2,2636.4
甘肃,西部,2024,2606.7,24595.9,11841.8,2628.5
青海,西部,2015,393.6,1958.5,2030.5,598.9
青海,西部,2016,-120.0,2172.6,2179.3,603.1
青海,西部,2017,506.3,2520.9,2498.6,606.2
青海,西部,2018,532.3,,2768.4,608.0
青海,西部,2019,602.8,3025.1,2924.9,609.2
青海,西部,2020,230.9,1320.6,3097.9,610.4
青海,西部,2021,320.0,1651.5,3346.2,609.2
青海,西部,2022,185.4,1093.8,3608.8,608.0
青海,西部,2023,456.4,2373.6,3745.6,605.6
青海,西部,2024,561.4,2922.3,4052.2,603.7
宁夏,西部,2015,322.9,2657.9,2573.6,684.6
宁夏,西部,2016,351.2,3023.6,2804.1,689.4
宁夏,西部,2017,423.9,3162.9,3135.2,692.9
宁夏,西部,2018,463.8,3492.7,3495.1,695.0
宁夏,西部,2019,485.6,3868.8,3724.6,696.4
宁夏,西部,2020,184.1,1775.3,3931.5,697.8
宁夏,西部,2021,249.5,2261.4,,696.4
宁夏,西部,2022,154.8,1421.4,4518.4,695.0
宁夏,西部,2023,404.1,3107.8,4835.1,692.2
宁夏,西部,2024,470.1,3624.7,4968.0,690.1
新疆,西部,2015,2181.9,13547.4,9434.4,2485.2
新疆,西部,2016,2458.8,15618.8,10109.1,2502.8
新疆,西部,2017,2768.1,17464.3,11495.1,2515.4
新疆,西部,2018,3288.2,18650.3,12524.9,2523.0
新疆,西部,2019,3423.8,21622.1,13551.8,2528.0
新疆,西部,2020,1425.9,9560.9,14495.4,2533.1
新疆,西部,2021,1666.7,11938.2,15709.5,2528.0
新疆,西部,2022,1003.1,7680.1,16817.5,2523.0
新疆,西部,2023,2736.7,18361.5,17293.5,2512.9
新疆,西部,2024,3048.2,18923.4,18622.1,2505.3
